自然资源局,成立日期,自然资源局,广发银行,土地交易信息(JKGT1),机动车信息表,厂企信息（网格）,商品房预售项目信息表,高新技术企业认定信息,统战部,出租屋详细信息,违法违章受处罚企业信息
政数局,操作类型,自然资源局,厂企信息（网格）,涉及职业危害作业场所,流动人口注销信息,道路运输经营信息采集表,律师基本信息采集表,广发银行,镇街2,组织机构代码变更信息,企业用户基本信息
公安,预计竣工日期,卫健局,失信被执行人信息（法人或其他组织）,法定代表人正式信息表,内资企业设立登记公告数据,出租屋详细信息,外国人入境就业信息(JKRS6),法院,建设项目情况信息(JKJS3),外商实际投资情况,社保局
政数局,人员状态,自然资源局,企业工法奖项信息,广发银行,企业用户基本信息,商品房预售项目信息表,佛山市安置残疾人单位信息(JKCL1),违法违章受处罚企业信息,<EOP>,单位房屋产权信息表,危险品仓库数据表
税务局,联系电话,自然资源局,出租屋详细信息,水费收集信息(包含企业用水信息),住房公积金个人公积金年度汇缴明细信息,单位房屋产权信息表,土地交易信息(JKGT1),统战部,商品房预售项目信息表,广发银行,危险品仓库数据表
检察院,户籍地址,企业用户基本信息,佛山市安置残疾人单位信息(JKCL1),<EOP>,自然资源局,企业工法奖项信息,工商联,农业银行,企业基本信息,涉及职业危害作业场所,公有资产管理信息
金融办,企业类型,自然资源局,土地交易信息(JKGT1),广发银行,镇街2,厂企信息（网格）,科技局,工商联,<EOP>,高新技术企业认定信息,道路运输经营信息采集表
行政服务中心,联系人,自然资源局,机动车信息表,广发银行,单位房屋产权信息表,商品房预售项目信息表,统战部,危险品仓库数据表,企业工法奖项信息,土地交易信息(JKGT1),<EOP>
公安,片区,卫健局,法定代表人正式信息表,失信被执行人信息（法人或其他组织）,内资企业设立登记公告数据,外国人入境就业信息(JKRS6),外商实际投资情况,名址库_门牌地址信息,出租屋详细信息,社保局,法院
纪委,电话,自然资源局,人口基础信息表,单位房屋产权信息表,广发银行,机动车信息表,危险品仓库数据表,违法违章受处罚企业信息,科技局,土地交易信息(JKGT1),商品房预售项目信息表
人才办,建筑类型,居住证业务有效表,外国人入境就业信息(JKRS6),组织机构代码信息,高企认定或拟认定名单,卫健局,流动人口注销信息,政数局,国税欠税信息,内资企业设立登记公告数据,法定代表人正式信息表
税务局,工程名称,卫健局,出租屋详细信息,失信被执行人信息（法人或其他组织）,法定代表人正式信息表,社保局,法院,建设项目情况信息(JKJS3),内资企业设立登记公告数据,镇街2,工商开业登记信息
自然资源局,年检有效期,机动车信息表,统战部,企业工法奖项信息,商品房预售项目信息表,自然资源局,企业用户基本信息,<EOP>,名址库_门牌地址信息,违法违章受处罚企业信息,土地交易信息(JKGT1)
农商行,备注,统战部,企业工法奖项信息,商品房预售项目信息表,机动车信息表,企业用户基本信息,自然资源局,危险品仓库数据表,单位房屋产权信息表,法院,<EOP>
纪委,统一社会信用代码,广发银行,自然资源局,出租屋详细信息,社会团体信息(JKMZ2),建设项目情况信息(JKJS3),高新技术企业认定信息,违法违章受处罚企业信息,组织机构代码变更信息,律师基本信息采集表,水费收集信息(包含企业用水信息)
税务局,籍贯,佛山市安置残疾人单位信息(JKCL1),企业用户基本信息,幼儿园,工商联,农业银行,涉及职业危害作业场所,<EOP>,企业工法奖项信息,公有资产管理信息,住房公积金个人公积金年度汇缴明细信息
经促局,更新时间,自然资源局,企业用户基本信息,企业工法奖项信息,流动人口注销信息,涉及职业危害作业场所,农业银行,流动人口表,名址库_门牌地址信息,镇街2,公有资产管理信息
政数局,核定载客,自然资源局,商品房预售项目信息表,统战部,违法违章受处罚企业信息,广发银行,企业工法奖项信息,危险品仓库数据表,机动车信息表,财政直接支付信息(JKCZ2),名址库_门牌地址信息
检察院,证书有效期,自然资源局,<EOP>,组织机构代码信息,广发银行,居住证业务有效表,组织机构代码变更信息,水费收集信息(包含企业用水信息),企业基本信息,违法违章受处罚企业信息,建设项目情况信息(JKJS3)
法院,法定代表人或负责人,建设项目情况信息(JKJS3),组织机构代码变更信息,广发银行,律师基本信息采集表,违法违章受处罚企业信息,自然资源局,水费收集信息(包含企业用水信息),镇街7,财政直接支付信息(JKCZ2),居住证业务有效表
政数局,发证日期,律师基本信息采集表,违法违章受处罚企业信息,广发银行,自然资源局,水费收集信息(包含企业用水信息),财政直接支付信息(JKCZ2),组织机构代码变更信息,名址库_门牌地址信息,厂企信息（网格）,统战部
检察院,注销时间,自然资源局,<EOP>,企业用户基本信息,名址库_门牌地址信息,企业工法奖项信息,农业银行,镇街2,组织机构代码信息,居住证业务有效表,企业基本信息
金融办,注销日期,土地交易信息(JKGT1),自然资源局,镇街2,律师基本信息采集表,高企认定或拟认定名单,<EOP>,科技局,组织机构代码变更信息,居住证业务有效表,名址库_门牌地址信息
文广旅体局,注册号,自然资源局,厂企信息（网格）,广发银行,社会团体信息(JKMZ2),高新技术企业认定信息,违法违章受处罚企业信息,土地交易信息(JKGT1),单位房屋产权信息表,道路运输经营信息采集表,出租屋详细信息
政数局,投资日期,自然资源局,厂企信息（网格）,广发银行,土地交易信息(JKGT1),组织机构代码变更信息,高企认定或拟认定名单,出租屋详细信息,高新技术企业认定信息,纳税信用等级纳税人备案信息,社会团体信息(JKMZ2)
公安,更新时间,自然资源局,厂企信息（网格）,失信被执行人信息（法人或其他组织）,律师基本信息采集表,流动人口注销信息,镇街2,变更登记信息,道路运输经营信息采集表,涉及职业危害作业场所,社会团体信息(JKMZ2)
法院,性别,企业用户基本信息,佛山市安置残疾人单位信息(JKCL1),工商联,农业银行,企业工法奖项信息,涉及职业危害作业场所,幼儿园,公有资产管理信息,<EOP>,外商实际投资情况
检察院,审批日期,<EOP>,组织机构代码信息,自然资源局,卫健局,外商实际投资情况,法院,名址库_门牌地址信息,建设项目情况信息(JKJS3),高企认定或拟认定名单,企业工法奖项信息
税务局,备案编号,厂企信息（网格）,自然资源局,出租屋详细信息,高新技术企业认定信息,失信被执行人信息（法人或其他组织）,外国人入境就业信息(JKRS6),土地交易信息(JKGT1),卫健局,广发银行,违法违章受处罚企业信息
自然资源局,容积率,自然资源局,企业用户基本信息,高企认定或拟认定名单,机动车信息表,名址库_门牌地址信息,<EOP>,法院,企业工法奖项信息,商品房预售项目信息表,统战部
自然资源局,开户名称,自然资源局,机动车信息表,土地交易信息(JKGT1),统战部,高企认定或拟认定名单,商品房预售项目信息表,科技局,单位房屋产权信息表,危险品仓库数据表,<EOP>
检察院,联系电话,自然资源局,<EOP>,统战部,佛山市安置残疾人单位信息(JKCL1),企业基本信息,企业用户基本信息,商品房预售项目信息表,广发银行,土地交易信息(JKGT1),机动车信息表
纪委,学历专业,佛山市安置残疾人单位信息(JKCL1),企业用户基本信息,企业工法奖项信息,幼儿园,涉及职业危害作业场所,农业银行,公有资产管理信息,外商实际投资情况,农业农村局,工商联
行政服务中心,项目名称,内资企业设立登记公告数据,卫健局,名址库_门牌地址信息,企业工法奖项信息,法院,外商实际投资情况,法定代表人正式信息表,机动车信息表,农业农村局,社保局
公安,所在社区,危险品仓库数据表,单位房屋产权信息表,外商实际投资情况,违法违章受处罚企业信息,水费收集信息(包含企业用水信息),社保局,机动车信息表,财政直接支付信息(JKCZ2),镇街2,统战部
农商行,法定代表人,自然资源局,商品房预售项目信息表,统战部,建设项目情况信息(JKJS3),机动车信息表,广发银行,组织机构代码变更信息,违法违章受处罚企业信息,出租屋详细信息,水费收集信息(包含企业用水信息)
纪委,奖项名称,自然资源局,广发银行,单位房屋产权信息表,出租屋详细信息,机动车信息表,危险品仓库数据表,土地交易信息(JKGT1),商品房预售项目信息表,企业工法奖项信息,吊销登记信息
政数局,服务时间,机动车信息表,商品房预售项目信息表,统战部,自然资源局,单位房屋产权信息表,危险品仓库数据表,企业工法奖项信息,广发银行,名址库_门牌地址信息,<EOP>
检察院,备案编号,自然资源局,土地交易信息(JKGT1),广发银行,高企认定或拟认定名单,厂企信息（网格）,<EOP>,出租屋详细信息,纳税信用等级纳税人备案信息,教育局,组织机构代码信息
人才办,内容,居住证业务有效表,律师基本信息采集表,自然资源局,组织机构代码变更信息,高企认定或拟认定名单,土地交易信息(JKGT1),流动人口注销信息,组织机构代码信息,（市经信）广东省名牌产品,工商开业登记信息
金融办,主要建设内容,土地交易信息(JKGT1),镇街2,名址库_门牌地址信息,外国人入境就业信息(JKRS6),失信被执行人信息（法人或其他组织）,出租屋详细信息,卫健局,高企认定或拟认定名单,内资企业设立登记公告数据,法定代表人正式信息表
法院,入住日期,企业工法奖项信息,企业用户基本信息,农业银行,佛山市安置残疾人单位信息(JKCL1),自然资源局,工商联,镇街2,<EOP>,名址库_门牌地址信息,公有资产管理信息
公安,更新时间,自然资源局,厂企信息（网格）,失信被执行人信息（法人或其他组织）,律师基本信息采集表,流动人口注销信息,镇街2,变更登记信息,道路运输经营信息采集表,涉及职业危害作业场所,社会团体信息(JKMZ2)
法院,检验有效期,自然资源局,违法违章受处罚企业信息,居住证业务有效表,广发银行,律师基本信息采集表,科技局,财政直接支付信息(JKCZ2),<EOP>,土地交易信息(JKGT1),（市经信）广东省名牌产品
镇街7,避孕节育措施,企业工法奖项信息,企业用户基本信息,农业银行,佛山市安置残疾人单位信息(JKCL1),农业农村局,外商实际投资情况,<EOP>,统战部,名址库_门牌地址信息,机动车信息表
检察院,注销日期,自然资源局,<EOP>,组织机构代码变更信息,广发银行,律师基本信息采集表,土地交易信息(JKGT1),组织机构代码信息,统战部,高企认定或拟认定名单,名址库_门牌地址信息
金融办,法人代表,自然资源局,土地交易信息(JKGT1),广发银行,科技局,高企认定或拟认定名单,厂企信息（网格）,<EOP>,高新技术企业认定信息,镇街2,出租屋详细信息
法院,纬度,自然资源局,镇街2,企业基本信息,广发银行,单位房屋产权信息表,组织机构代码信息,名址库_门牌地址信息,<EOP>,外商实际投资情况,工商联
金融办,性别,工商联,企业用户基本信息,佛山市安置残疾人单位信息(JKCL1),<EOP>,公有资产管理信息,涉及职业危害作业场所,企业工法奖项信息,土地交易信息(JKGT1),农业银行,幼儿园
公安,户籍地址,外商实际投资情况,国税欠税信息,企业用户基本信息,住房公积金个人公积金年度汇缴明细信息,农业银行,水费收集信息(包含企业用水信息),农业农村局,<EOP>,建设工程规划许可证信息JKGH2,危险品仓库数据表
纪委,受理日期,建设项目情况信息(JKJS3),农业农村局,外商实际投资情况,社保局,法定代表人正式信息表,名址库_门牌地址信息,违法违章受处罚企业信息,财政直接支付信息(JKCZ2),内资企业设立登记公告数据,镇街6
行政服务中心,检查情况,违法违章受处罚企业信息,社保局,机动车信息表,企业工法奖项信息,广发银行,外商实际投资情况,商品房预售项目信息表,财政直接支付信息(JKCZ2),建设项目情况信息(JKJS3),危险品仓库数据表
金融办,地址,土地交易信息(JKGT1),镇街2,出租屋详细信息,自然资源局,机动车信息表,广发银行,单位房屋产权信息表,<EOP>,名址库_门牌地址信息,城管局
政数局,土地证号,名址库_门牌地址信息,高企认定或拟认定名单,失信被执行人信息（法人或其他组织）,建设工程规划许可证信息JKGH2,厂企信息（网格）,土地交易信息(JKGT1),镇街2,卫健局,内资企业设立登记公告数据,法院
公安,登记注册类型,建设项目情况信息(JKJS3),组织机构代码变更信息,水费收集信息(包含企业用水信息),镇街7,违法违章受处罚企业信息,律师基本信息采集表,财政直接支付信息(JKCZ2),自然资源局,行政服务中心,镇街6
人才办,鉴定时间,居住证业务有效表,幼儿园,农业银行,外商实际投资情况,国税欠税信息,佛山市安置残疾人单位信息(JKCL1),农业农村局,企业工法奖项信息,公有资产管理信息,内资企业设立登记公告数据
金融办,传真,土地交易信息(JKGT1),自然资源局,镇街2,高企认定或拟认定名单,科技局,工商联,公有资产管理信息,<EOP>,居住证业务有效表,机动车信息表
纪委,持证情况,企业工法奖项信息,农业农村局,外商实际投资情况,农业银行,佛山市安置残疾人单位信息(JKCL1),违法违章受处罚企业信息,企业用户基本信息,财政直接支付信息(JKCZ2),名址库_门牌地址信息,社保局
检察院,交易金额,自然资源局,高企认定或拟认定名单,土地交易信息(JKGT1),科技局,<EOP>,广发银行,居住证业务有效表,纳税信用等级纳税人备案信息,组织机构代码信息,（市经信）广东省名牌产品
税务局,组织机构代码,自然资源局,厂企信息（网格）,广发银行,高新技术企业认定信息,出租屋详细信息,律师基本信息采集表,社会团体信息(JKMZ2),土地交易信息(JKGT1),违法违章受处罚企业信息,组织机构代码变更信息
公安,个人编号,外商实际投资情况,国税欠税信息,水费收集信息(包含企业用水信息),幼儿园,农业农村局,暂住证业务表,居住证业务有效表,农业银行,涉及职业危害作业场所,佛山市安置残疾人单位信息(JKCL1)
法院,成交金额,高企认定或拟认定名单,组织机构代码信息,自然资源局,居住证业务有效表,政数局,土地交易信息(JKGT1),镇街2,流动人口注销信息,重点建设项目计划信息,科技局
法院,负责人,自然资源局,土地交易信息(JKGT1),广发银行,科技局,人口基础信息表,居住证业务有效表,（市经信）广东省名牌产品,外商实际投资情况,违法违章受处罚企业信息,<EOP>
税务局,更新时间,自然资源局,厂企信息（网格）,失信被执行人信息（法人或其他组织）,镇街2,流动人口注销信息,道路运输经营信息采集表,组织机构代码变更信息,社会团体信息(JKMZ2),广发银行,出租屋详细信息
政数局,预售金额,自然资源局,高企认定或拟认定名单,名址库_门牌地址信息,重点建设项目计划信息,建设项目情况信息(JKJS3),组织机构代码变更信息,违法违章受处罚企业信息,法院,组织机构代码信息,广发银行
纪委,发证日期,违法违章受处罚企业信息,广发银行,律师基本信息采集表,水费收集信息(包含企业用水信息),财政直接支付信息(JKCZ2),自然资源局,农业农村局,社会团体信息(JKMZ2),名址库_门牌地址信息,建设项目情况信息(JKJS3)
法院,行业,自然资源局,组织机构代码信息,科技局,企业基本信息,流动人口注销信息,涉及职业危害作业场所,（市经信）广东省名牌产品,居住证业务有效表,工商联,土地交易信息(JKGT1)
公安,注销日期,律师基本信息采集表,镇街6,建设工程规划许可证信息JKGH2,居住证业务有效表,违法违章受处罚企业信息,变更登记信息,财政直接支付信息(JKCZ2),土地交易信息(JKGT1),个人基本信息,组织机构代码变更信息
检察院,排量,自然资源局,企业用户基本信息,<EOP>,工商联,企业工法奖项信息,佛山市安置残疾人单位信息(JKCL1),公有资产管理信息,农业银行,企业基本信息,组织机构代码信息
检察院,备注,自然资源局,<EOP>,企业用户基本信息,高企认定或拟认定名单,土地交易信息(JKGT1),企业基本信息,统战部,广发银行,流动人口表,商品房预售项目信息表
行政服务中心,移动电话,企业工法奖项信息,自然资源局,企业用户基本信息,农业银行,佛山市安置残疾人单位信息(JKCL1),农业农村局,公有资产管理信息,<EOP>,涉及职业危害作业场所,名址库_门牌地址信息
金融办,更新时间,自然资源局,镇街2,土地交易信息(JKGT1),工商联,流动人口注销信息,涉及职业危害作业场所,企业用户基本信息,组织机构代码信息,组织机构代码变更信息,<EOP>
法院,成交日期,组织机构代码信息,名址库_门牌地址信息,高企认定或拟认定名单,镇街2,流动人口注销信息,居住证业务有效表,农业银行,工商联,外商实际投资情况,政数局
税务局,合同编号,厂企信息（网格）,高企认定或拟认定名单,失信被执行人信息（法人或其他组织）,出租屋详细信息,自然资源局,土地交易信息(JKGT1),卫健局,镇街2,名址库_门牌地址信息,道路运输经营信息采集表
纪委,更新时间,自然资源局,企业用户基本信息,企业工法奖项信息,组织机构代码变更信息,流动人口表,流动人口注销信息,涉及职业危害作业场所,镇街2,名址库_门牌地址信息,组织机构代码信息
金融办,管理级别,土地交易信息(JKGT1),镇街2,自然资源局,工商联,<EOP>,组织机构代码信息,高企认定或拟认定名单,名址库_门牌地址信息,科技局,个人基本信息
政数局,登记地址,自然资源局,广发银行,厂企信息（网格）,违法违章受处罚企业信息,科技局,土地交易信息(JKGT1),组织机构代码变更信息,单位房屋产权信息表,<EOP>,社会团体信息(JKMZ2)
金融办,附件名称,土地交易信息(JKGT1),高企认定或拟认定名单,失信被执行人信息（法人或其他组织）,卫健局,自然资源局,镇街2,组织机构代码信息,出租屋详细信息,个人基本信息,工商开业登记信息
人才办,更新人,居住证业务有效表,幼儿园,公有资产管理信息,农业银行,佛山市安置残疾人单位信息(JKCL1),工商联,涉及职业危害作业场所,企业用户基本信息,国税欠税信息,<EOP>
公安,审核人,企业工法奖项信息,农业农村局,外商实际投资情况,农业银行,国税欠税信息,内资企业设立登记公告数据,名址库_门牌地址信息,幼儿园,法定代表人正式信息表,佛山市安置残疾人单位信息(JKCL1)
检察院,开户银行,自然资源局,土地交易信息(JKGT1),组织机构代码变更信息,科技局,<EOP>,广发银行,居住证业务有效表,高企认定或拟认定名单,（市经信）广东省名牌产品,出租屋详细信息
人才办,发证时间,居住证业务有效表,幼儿园,律师基本信息采集表,国税欠税信息,涉及职业危害作业场所,（市经信）广东省名牌产品,外商实际投资情况,组织机构代码信息,流动人口表,工商联
公安,户口性质,外商实际投资情况,企业工法奖项信息,佛山市安置残疾人单位信息(JKCL1),农业银行,农业农村局,国税欠税信息,幼儿园,涉及职业危害作业场所,水费收集信息(包含企业用水信息),工商联
检察院,注册号,自然资源局,广发银行,厂企信息（网格）,土地交易信息(JKGT1),违法违章受处罚企业信息,高新技术企业认定信息,社会团体信息(JKMZ2),企业基本信息,出租屋详细信息,<EOP>
纪委,办学许可证号,广发银行,违法违章受处罚企业信息,水费收集信息(包含企业用水信息),建设项目情况信息(JKJS3),组织机构代码变更信息,财政直接支付信息(JKCZ2),自然资源局,社会团体信息(JKMZ2),出租屋详细信息,土地交易信息(JKGT1)
住建水利局,变更前,自然资源局,厂企信息（网格）,广发银行,违法违章受处罚企业信息,高新技术企业认定信息,社会团体信息(JKMZ2),建设项目情况信息(JKJS3),出租屋详细信息,水费收集信息(包含企业用水信息),纳税信用等级纳税人备案信息
金融办,专利类型,土地交易信息(JKGT1),镇街2,组织机构代码信息,工商联,高企认定或拟认定名单,名址库_门牌地址信息,个人基本信息,<EOP>,居住证业务有效表,国税欠税信息
政数局,填表人,企业工法奖项信息,企业用户基本信息,农业银行,佛山市安置残疾人单位信息(JKCL1),<EOP>,名址库_门牌地址信息,公有资产管理信息,工商联,农业农村局,自然资源局
人才办,信息等级,居住证业务有效表,律师基本信息采集表,幼儿园,自然资源局,涉及职业危害作业场所,科技局,公有资产管理信息,流动人口注销信息,佛山市安置残疾人单位信息(JKCL1),工商联
政数局,通讯地址,自然资源局,佛山市安置残疾人单位信息(JKCL1),组织机构代码变更信息,企业用户基本信息,土地交易信息(JKGT1),幼儿园,流动人口表,企业工法奖项信息,涉及职业危害作业场所,<EOP>
人才办,编号,流动人口注销信息,自然资源局,居住证业务有效表,律师基本信息采集表,涉及职业危害作业场所,幼儿园,高企认定或拟认定名单,外国人入境就业信息(JKRS6),公有资产管理信息,土地交易信息(JKGT1)
镇街5,交通工具,企业工法奖项信息,公有资产管理信息,佛山市安置残疾人单位信息(JKCL1),农业银行,自然资源局,农业农村局,幼儿园,企业用户基本信息,违法违章受处罚企业信息,企业基本信息
法院,注销时间,居住证业务有效表,名址库_门牌地址信息,自然资源局,镇街2,农业农村局,组织机构代码信息,违法违章受处罚企业信息,科技局,企业工法奖项信息,<EOP>
政数局,房屋编号,名址库_门牌地址信息,企业工法奖项信息,高企认定或拟认定名单,法院,企业用户基本信息,农业农村局,组织机构代码信息,镇街2,内资企业设立登记公告数据,<EOP>
政数局,更新时间,自然资源局,企业用户基本信息,组织机构代码变更信息,企业工法奖项信息,涉及职业危害作业场所,流动人口注销信息,镇街2,组织机构代码信息,名址库_门牌地址信息,流动人口表
政数局,行政职务,自然资源局,佛山市安置残疾人单位信息(JKCL1),涉及职业危害作业场所,外商实际投资情况,组织机构代码信息,组织机构代码变更信息,幼儿园,<EOP>,名址库_门牌地址信息,企业基本信息
金融办,企业联系电话,自然资源局,土地交易信息(JKGT1),厂企信息（网格）,广发银行,出租屋详细信息,高企认定或拟认定名单,科技局,镇街2,高新技术企业认定信息,道路运输经营信息采集表
法院,户籍地址,企业用户基本信息,工商联,企业工法奖项信息,佛山市安置残疾人单位信息(JKCL1),<EOP>,农业银行,涉及职业危害作业场所,企业基本信息,自然资源局,组织机构代码信息
行政服务中心,地址,商品房预售项目信息表,统战部,建设项目情况信息(JKJS3),广发银行,机动车信息表,自然资源局,出租屋详细信息,企业工法奖项信息,违法违章受处罚企业信息,镇街2
税务局,原值,自然资源局,厂企信息（网格）,高企认定或拟认定名单,土地交易信息(JKGT1),出租屋详细信息,律师基本信息采集表,组织机构代码变更信息,居住证业务有效表,纳税信用等级纳税人备案信息,高新技术企业认定信息
纪委,验证日期,企业工法奖项信息,农业农村局,农业银行,企业用户基本信息,建设项目情况信息(JKJS3),组织机构代码变更信息,镇街2,名址库_门牌地址信息,外商实际投资情况,违法违章受处罚企业信息
镇街3,联系人,机动车信息表,单位房屋产权信息表,危险品仓库数据表,人口基础信息表,商品房预售项目信息表,工商开业登记信息,自然资源局,吊销登记信息,企业工法奖项信息,统战部
教育局,民族,企业工法奖项信息,公有资产管理信息,企业用户基本信息,农业银行,农业农村局,佛山市安置残疾人单位信息(JKCL1),危险品仓库数据表,<EOP>,单位房屋产权信息表,涉及职业危害作业场所
政数局,批准日期,失信被执行人信息（法人或其他组织）,卫健局,法院,出租屋详细信息,自然资源局,律师基本信息采集表,厂企信息（网格）,广发银行,个人基本信息,组织机构代码信息
政数局,联系人,自然资源局,机动车信息表,土地交易信息(JKGT1),单位房屋产权信息表,广发银行,危险品仓库数据表,商品房预售项目信息表,出租屋详细信息,统战部,科技局
检察院,整备质量,企业用户基本信息,自然资源局,企业工法奖项信息,<EOP>,农业银行,工商联,公有资产管理信息,涉及职业危害作业场所,佛山市安置残疾人单位信息(JKCL1),名址库_门牌地址信息
检察院,用途,自然资源局,<EOP>,企业用户基本信息,工商联,佛山市安置残疾人单位信息(JKCL1),企业基本信息,组织机构代码信息,涉及职业危害作业场所,高企认定或拟认定名单,名址库_门牌地址信息
农商行,最后更新时间,机动车信息表,单位房屋产权信息表,商品房预售项目信息表,统战部,企业工法奖项信息,危险品仓库数据表,自然资源局,企业用户基本信息,厂企信息（网格）,违法违章受处罚企业信息
法院,接收日期,组织机构代码变更信息,建设项目情况信息(JKJS3),居住证业务有效表,组织机构代码信息,幼儿园,农业农村局,企业工法奖项信息,律师基本信息采集表,外商实际投资情况,<EOP>
城管局,纳税信用等级,建设项目情况信息(JKJS3),违法违章受处罚企业信息,外商实际投资情况,财政直接支付信息(JKCZ2),镇街6,农业农村局,镇街7,镇街2,律师基本信息采集表,组织机构代码变更信息
法院,结婚日期,企业工法奖项信息,农业银行,佛山市安置残疾人单位信息(JKCL1),外商实际投资情况,企业用户基本信息,农业农村局,幼儿园,公有资产管理信息,工商联,名址库_门牌地址信息
纪委,房号,名址库_门牌地址信息,农业农村局,农业银行,高企认定或拟认定名单,企业工法奖项信息,法院,镇街2,组织机构代码信息,内资企业设立登记公告数据,自然资源局
纪委,证件号码,自然资源局,佛山市安置残疾人单位信息(JKCL1),涉及职业危害作业场所,企业用户基本信息,农业银行,企业工法奖项信息,道路运输经营信息采集表,农业农村局,单位房屋产权信息表,公有资产管理信息
公安,用地性质,失信被执行人信息（法人或其他组织）,卫健局,厂企信息（网格）,外国人入境就业信息(JKRS6),政数局,法定代表人正式信息表,出租屋详细信息,个人基本信息,流动人口注销信息,残疾人管理
行政服务中心,开发企业名称,律师基本信息采集表,广发银行,卫健局,镇街6,名址库_门牌地址信息,违法违章受处罚企业信息,法院,统战部,商品房预售项目信息表,财政直接支付信息(JKCZ2)
政数局,纬度,自然资源局,单位房屋产权信息表,危险品仓库数据表,广发银行,机动车信息表,名址库_门牌地址信息,镇街2,违法违章受处罚企业信息,企业工法奖项信息,商品房预售项目信息表
镇街6,车牌号码,企业工法奖项信息,自然资源局,农业农村局,农业银行,危险品仓库数据表,单位房屋产权信息表,统战部,财政直接支付信息(JKCZ2),公有资产管理信息,佛山市安置残疾人单位信息(JKCL1)
纪委,联系人,自然资源局,机动车信息表,单位房屋产权信息表,危险品仓库数据表,广发银行,土地交易信息(JKGT1),商品房预售项目信息表,人口基础信息表,吊销登记信息,出租屋详细信息
工商联,登记地址,自然资源局,广发银行,违法违章受处罚企业信息,厂企信息（网格）,单位房屋产权信息表,科技局,土地交易信息(JKGT1),社会团体信息(JKMZ2),危险品仓库数据表,商品房预售项目信息表
法院,经营范围,自然资源局,高新技术企业认定信息,广发银行,土地交易信息(JKGT1),科技局,居住证业务有效表,违法违章受处罚企业信息,厂企信息（网格）,纳税信用等级纳税人备案信息,教育局
政数局,律师执业证号,企业用户基本信息,企业工法奖项信息,自然资源局,农业银行,名址库_门牌地址信息,涉及职业危害作业场所,工商联,佛山市安置残疾人单位信息(JKCL1),公有资产管理信息,农业农村局
行政服务中心,楼层,企业工法奖项信息,名址库_门牌地址信息,农业农村局,外商实际投资情况,农业银行,自然资源局,商品房预售项目信息表,机动车信息表,企业用户基本信息,法院
金融办,许可内容,土地交易信息(JKGT1),自然资源局,镇街2,出租屋详细信息,名址库_门牌地址信息,高企认定或拟认定名单,个人基本信息,镇街6,<EOP>,科技局
纪委,更新时间,自然资源局,企业用户基本信息,企业工法奖项信息,组织机构代码变更信息,流动人口表,流动人口注销信息,涉及职业危害作业场所,镇街2,名址库_门牌地址信息,组织机构代码信息
纪委,纬度,单位房屋产权信息表,危险品仓库数据表,自然资源局,广发银行,机动车信息表,企业工法奖项信息,镇街2,名址库_门牌地址信息,违法违章受处罚企业信息,吊销登记信息
检察院,流水号,自然资源局,企业用户基本信息,佛山市安置残疾人单位信息(JKCL1),<EOP>,企业基本信息,工商联,涉及职业危害作业场所,农业银行,企业工法奖项信息,公有资产管理信息
镇街2,交通工具,企业工法奖项信息,企业用户基本信息,农业银行,佛山市安置残疾人单位信息(JKCL1),自然资源局,公有资产管理信息,<EOP>,农业农村局,涉及职业危害作业场所,名址库_门牌地址信息
税务局,性别,佛山市安置残疾人单位信息(JKCL1),企业用户基本信息,农业银行,工商联,<EOP>,外商实际投资情况,幼儿园,公有资产管理信息,住房公积金个人公积金年度汇缴明细信息,涉及职业危害作业场所
纪委,纳税信用等级,建设项目情况信息(JKJS3),违法违章受处罚企业信息,广发银行,财政直接支付信息(JKCZ2),组织机构代码变更信息,镇街2,镇街7,镇街6,农业农村局,外商实际投资情况
政数局,发证单位,自然资源局,违法违章受处罚企业信息,广发银行,律师基本信息采集表,财政直接支付信息(JKCZ2),商品房预售项目信息表,统战部,危险品仓库数据表,企业工法奖项信息,土地交易信息(JKGT1)
行政服务中心,批准日期,律师基本信息采集表,自然资源局,卫健局,广发银行,法院,失信被执行人信息（法人或其他组织）,财政直接支付信息(JKCZ2),商品房预售项目信息表,企业工法奖项信息,违法违章受处罚企业信息
公安,安全生产许可证编号,镇街6,建设项目情况信息(JKJS3),财政直接支付信息(JKCZ2),卫健局,社保局,违法违章受处罚企业信息,律师基本信息采集表,居住证业务有效表,工商开业登记信息,外商实际投资情况
公安,证件类型,涉及职业危害作业场所,幼儿园,佛山市安置残疾人单位信息(JKCL1),道路运输经营信息采集表,暂住证业务表,流动人口注销信息,水费收集信息(包含企业用水信息),农业银行,居住证业务有效表,外商实际投资情况
行政服务中心,经济性质,自然资源局,广发银行,违法违章受处罚企业信息,组织机构代码变更信息,科技局,土地交易信息(JKGT1),财政直接支付信息(JKCZ2),律师基本信息采集表,社会团体信息(JKMZ2),（市经信）广东省名牌产品
纪委,职业,企业用户基本信息,企业工法奖项信息,佛山市安置残疾人单位信息(JKCL1),自然资源局,涉及职业危害作业场所,农业银行,<EOP>,公有资产管理信息,工商联,流动人口表
气象局,原值,自然资源局,高企认定或拟认定名单,土地交易信息(JKGT1),科技局,名址库_门牌地址信息,组织机构代码变更信息,纳税信用等级纳税人备案信息,企业用户基本信息,组织机构代码信息,<EOP>
数据中心,发证日期,违法违章受处罚企业信息,暂住证业务表,水费收集信息(包含企业用水信息),律师基本信息采集表,居住证业务有效表,社会团体信息(JKMZ2),农业农村局,财政直接支付信息(JKCZ2),厂企信息（网格）,广发银行
人才办,镇街,居住证业务有效表,律师基本信息采集表,工商开业登记信息,国税欠税信息,高企认定或拟认定名单,组织机构代码信息,土地交易信息(JKGT1),镇街6,<EOP>,自然资源局
镇街6,创建时间,企业工法奖项信息,企业用户基本信息,农业银行,公有资产管理信息,幼儿园,自然资源局,佛山市安置残疾人单位信息(JKCL1),涉及职业危害作业场所,农业农村局,企业基本信息
气象局,发证日期,自然资源局,企业用户基本信息,企业工法奖项信息,名址库_门牌地址信息,统战部,<EOP>,违法违章受处罚企业信息,商品房预售项目信息表,广发银行,机动车信息表
纪委,地址,建设项目情况信息(JKJS3),出租屋详细信息,商品房预售项目信息表,机动车信息表,广发银行,镇街2,单位房屋产权信息表,人口基础信息表,社保局,卫健局
纪委,职业,企业用户基本信息,企业工法奖项信息,佛山市安置残疾人单位信息(JKCL1),自然资源局,涉及职业危害作业场所,农业银行,<EOP>,公有资产管理信息,工商联,流动人口表
住建水利局,证件号码,自然资源局,佛山市安置残疾人单位信息(JKCL1),涉及职业危害作业场所,幼儿园,农业银行,企业基本信息,居住证业务有效表,农业农村局,科技局,违法违章受处罚企业信息
法院,联系人,自然资源局,土地交易信息(JKGT1),单位房屋产权信息表,企业基本信息,广发银行,<EOP>,科技局,居住证业务有效表,公有资产管理信息,危险品仓库数据表
行政服务中心,救济途径,自然资源局,律师基本信息采集表,广发银行,财政直接支付信息(JKCZ2),<EOP>,土地交易信息(JKGT1),名址库_门牌地址信息,违法违章受处罚企业信息,高企认定或拟认定名单,组织机构代码变更信息
发改局,学校类型,企业用户基本信息,企业工法奖项信息,佛山市安置残疾人单位信息(JKCL1),自然资源局,农业银行,<EOP>,企业基本信息,外商实际投资情况,工商联,公有资产管理信息
气象局,办学性质,自然资源局,<EOP>,企业用户基本信息,土地交易信息(JKGT1),机动车信息表,水费收集信息(包含企业用水信息),佛山市安置残疾人单位信息(JKCL1),广发银行,统战部,商品房预售项目信息表
农商行,纳税信用等级,机动车信息表,企业工法奖项信息,商品房预售项目信息表,统战部,建设项目情况信息(JKJS3),违法违章受处罚企业信息,社保局,财政直接支付信息(JKCZ2),农业农村局,组织机构代码变更信息
法院,发布时间,自然资源局,组织机构代码信息,企业用户基本信息,企业工法奖项信息,居住证业务有效表,公有资产管理信息,企业基本信息,农业银行,工商联,镇街2
政数局,项目规模,高企认定或拟认定名单,自然资源局,出租屋详细信息,名址库_门牌地址信息,土地交易信息(JKGT1),法院,卫健局,失信被执行人信息（法人或其他组织）,组织机构代码信息,个人基本信息
金融办,备注,自然资源局,土地交易信息(JKGT1),出租屋详细信息,<EOP>,高企认定或拟认定名单,工商联,镇街2,单位房屋产权信息表,名址库_门牌地址信息,科技局
镇街3,姓名,企业工法奖项信息,企业用户基本信息,佛山市安置残疾人单位信息(JKCL1),农业银行,涉及职业危害作业场所,农业农村局,幼儿园,公有资产管理信息,危险品仓库数据表,商品房预售项目信息表
自然资源局,年检期限,自然资源局,违法违章受处罚企业信息,统战部,机动车信息表,商品房预售项目信息表,广发银行,<EOP>,土地交易信息(JKGT1),科技局,企业工法奖项信息
农商行,注册号,自然资源局,单位房屋产权信息表,危险品仓库数据表,广发银行,违法违章受处罚企业信息,机动车信息表,统战部,商品房预售项目信息表,厂企信息（网格）,社会团体信息(JKMZ2)
纪委,建设规模,失信被执行人信息（法人或其他组织）,出租屋详细信息,卫健局,自然资源局,法院,名址库_门牌地址信息,厂企信息（网格）,广发银行,高企认定或拟认定名单,组织机构代码信息
金融办,最后更新时间,自然资源局,土地交易信息(JKGT1),镇街2,厂企信息（网格）,<EOP>,单位房屋产权信息表,广发银行,工商联,出租屋详细信息,科技局
法院,检查时间,外商实际投资情况,企业工法奖项信息,农业银行,社保局,组织机构代码信息,名址库_门牌地址信息,内资企业设立登记公告数据,农业农村局,法院,法定代表人正式信息表
金融办,镇街,土地交易信息(JKGT1),镇街2,机动车信息表,<EOP>,自然资源局,名址库_门牌地址信息,工商联,出租屋详细信息,工商开业登记信息,统战部
公安,其他,卫健局,工商开业登记信息,法定代表人正式信息表,外商实际投资情况,内资企业设立登记公告数据,国税欠税信息,社保局,镇街6,失信被执行人信息（法人或其他组织）,行政服务中心
政数局,打印人,企业工法奖项信息,企业用户基本信息,农业银行,佛山市安置残疾人单位信息(JKCL1),涉及职业危害作业场所,自然资源局,幼儿园,公有资产管理信息,名址库_门牌地址信息,农业农村局
行政服务中心,容积率,名址库_门牌地址信息,企业用户基本信息,自然资源局,企业工法奖项信息,组织机构代码信息,法院,高企认定或拟认定名单,<EOP>,失信被执行人信息（法人或其他组织）,卫健局
法院,暂住地址,企业工法奖项信息,企业用户基本信息,自然资源局,农业银行,农业农村局,佛山市安置残疾人单位信息(JKCL1),<EOP>,工商联,名址库_门牌地址信息,外商实际投资情况
金融办,更新时间,自然资源局,镇街2,土地交易信息(JKGT1),工商联,流动人口注销信息,涉及职业危害作业场所,企业用户基本信息,组织机构代码信息,组织机构代码变更信息,<EOP>
镇街2,登记日期,自然资源局,统战部,商品房预售项目信息表,高企认定或拟认定名单,机动车信息表,名址库_门牌地址信息,企业工法奖项信息,<EOP>,农业农村局,土地交易信息(JKGT1)
纪委,注销原因,自然资源局,违法违章受处罚企业信息,广发银行,厂企信息（网格）,财政直接支付信息(JKCZ2),单位房屋产权信息表,名址库_门牌地址信息,危险品仓库数据表,商品房预售项目信息表,社会团体信息(JKMZ2)
行政服务中心,附件名称,企业工法奖项信息,卫健局,法院,自然资源局,律师基本信息采集表,商品房预售项目信息表,失信被执行人信息（法人或其他组织）,统战部,组织机构代码信息,<EOP>
行政服务中心,民族,企业用户基本信息,企业工法奖项信息,佛山市安置残疾人单位信息(JKCL1),自然资源局,农业银行,<EOP>,工商联,涉及职业危害作业场所,公有资产管理信息,企业基本信息
金融办,核准日期,自然资源局,土地交易信息(JKGT1),厂企信息（网格）,广发银行,高新技术企业认定信息,镇街2,违法违章受处罚企业信息,道路运输经营信息采集表,高企认定或拟认定名单,出租屋详细信息
公安,车牌颜色,农业农村局,农业银行,外商实际投资情况,危险品仓库数据表,企业工法奖项信息,单位房屋产权信息表,国税欠税信息,居住证业务有效表,财政直接支付信息(JKCZ2),佛山市安置残疾人单位信息(JKCL1)
人社局,纳税人识别号,律师基本信息采集表,房屋建筑工程竣工验收备案信息(JKJS6),组织机构代码变更信息,居住证业务有效表,行政服务中心,水费收集信息(包含企业用水信息),镇街6,出租屋详细信息,建设项目情况信息(JKJS3),变更登记信息
金融办,所属技术领域,土地交易信息(JKGT1),自然资源局,工商开业登记信息,高企认定或拟认定名单,工商联,个人基本信息,<EOP>,镇街2,组织机构代码信息,出租屋详细信息
纪委,户口类别,企业用户基本信息,企业工法奖项信息,佛山市安置残疾人单位信息(JKCL1),流动人口表,外商实际投资情况,组织机构代码变更信息,农业农村局,农业银行,<EOP>,涉及职业危害作业场所
检察院,备注,自然资源局,<EOP>,企业用户基本信息,高企认定或拟认定名单,土地交易信息(JKGT1),企业基本信息,统战部,广发银行,流动人口表,商品房预售项目信息表
政数局,生活自理能力,外商实际投资情况,企业用户基本信息,佛山市安置残疾人单位信息(JKCL1),企业工法奖项信息,<EOP>,名址库_门牌地址信息,工商联,农业银行,农业农村局,组织机构代码信息
纪委,机构类型,自然资源局,建设项目情况信息(JKJS3),广发银行,违法违章受处罚企业信息,科技局,土地交易信息(JKGT1),纳税信用等级纳税人备案信息,组织机构代码变更信息,水费收集信息(包含企业用水信息),高新技术企业认定信息
镇街1,创建时间,单位房屋产权信息表,危险品仓库数据表,企业工法奖项信息,农业银行,农业农村局,机动车信息表,佛山市安置残疾人单位信息(JKCL1),暂住证业务表,企业用户基本信息,国税欠税信息
住建水利局,企业名称,自然资源局,广发银行,高新技术企业认定信息,出租屋详细信息,厂企信息（网格）,违法违章受处罚企业信息,镇街6,社会团体信息(JKMZ2),建设项目情况信息(JKJS3),土地交易信息(JKGT1)
金融办,序号,土地交易信息(JKGT1),自然资源局,出租屋详细信息,镇街2,<EOP>,广发银行,工商联,工商开业登记信息,单位房屋产权信息表,个人基本信息
纪委,文化程度,企业用户基本信息,企业工法奖项信息,佛山市安置残疾人单位信息(JKCL1),农业银行,<EOP>,外商实际投资情况,公有资产管理信息,工商联,涉及职业危害作业场所,幼儿园
镇街7,填表日期,企业工法奖项信息,企业用户基本信息,佛山市安置残疾人单位信息(JKCL1),农业农村局,农业银行,幼儿园,组织机构代码变更信息,外商实际投资情况,建设项目情况信息(JKJS3),流动人口表
税务局,检查情况,社保局,人口基础信息表,违法违章受处罚企业信息,卫健局,水费收集信息(包含企业用水信息),建设项目情况信息(JKJS3),外商实际投资情况,镇街6,法定代表人正式信息表,危险品仓库数据表
人社局,企业名称,镇街6,高新技术企业认定信息,变更登记信息,个人基本信息,厂企信息（网格）,人口基础信息表,道路运输经营信息采集表,外国人入境就业信息(JKRS6),出租屋详细信息,自然资源局
金融办,操作类型,自然资源局,镇街2,土地交易信息(JKGT1),工商联,流动人口注销信息,高企认定或拟认定名单,组织机构代码信息,道路运输经营信息采集表,名址库_门牌地址信息,涉及职业危害作业场所
检察院,地址,自然资源局,建设项目情况信息(JKJS3),广发银行,出租屋详细信息,商品房预售项目信息表,<EOP>,统战部,机动车信息表,镇街2,企业基本信息
行政服务中心,姓名,企业用户基本信息,企业工法奖项信息,佛山市安置残疾人单位信息(JKCL1),自然资源局,涉及职业危害作业场所,农业银行,幼儿园,<EOP>,工商联,企业基本信息
纪委,民族,企业用户基本信息,企业工法奖项信息,佛山市安置残疾人单位信息(JKCL1),公有资产管理信息,农业银行,<EOP>,工商联,自然资源局,涉及职业危害作业场所,外商实际投资情况
纪委,附件名称,卫健局,失信被执行人信息（法人或其他组织）,法院,企业工法奖项信息,出租屋详细信息,流动人口表,建设项目情况信息(JKJS3),工商开业登记信息,自然资源局,组织机构代码信息
税务局,证件号码,自然资源局,水费收集信息(包含企业用水信息),厂企信息（网格）,单位房屋产权信息表,危险品仓库数据表,道路运输经营信息采集表,广发银行,违法违章受处罚企业信息,土地交易信息(JKGT1),居住证业务有效表
金融办,门牌号,土地交易信息(JKGT1),镇街2,自然资源局,工商联,单位房屋产权信息表,<EOP>,名址库_门牌地址信息,科技局,机动车信息表,企业用户基本信息
行政服务中心,建设单位,自然资源局,广发银行,违法违章受处罚企业信息,商品房预售项目信息表,卫健局,财政直接支付信息(JKCZ2),名址库_门牌地址信息,出租屋详细信息,法院,个人基本信息
行政服务中心,备注,自然资源局,企业工法奖项信息,商品房预售项目信息表,企业用户基本信息,统战部,<EOP>,流动人口表,广发银行,高企认定或拟认定名单,名址库_门牌地址信息
税务局,建设起止年限,卫健局,失信被执行人信息（法人或其他组织）,出租屋详细信息,建设项目情况信息(JKJS3),法院,法定代表人正式信息表,名址库_门牌地址信息,水费收集信息(包含企业用水信息),外国人入境就业信息(JKRS6),镇街7
政数局,健康状况,佛山市安置残疾人单位信息(JKCL1),企业工法奖项信息,企业用户基本信息,外商实际投资情况,农业银行,自然资源局,<EOP>,名址库_门牌地址信息,农业农村局,企业基本信息
人社局,状态,自然资源局,单位房屋产权信息表,人口基础信息表,危险品仓库数据表,居住证业务有效表,高新技术企业认定信息,吊销登记信息,行政服务中心,外国人入境就业信息(JKRS6),流动人口注销信息
金融办,废止时间,镇街2,土地交易信息(JKGT1),名址库_门牌地址信息,<EOP>,居住证业务有效表,工商联,组织机构代码信息,外商实际投资情况,科技局,自然资源局
住建水利局,营业执照号码,自然资源局,广发银行,违法违章受处罚企业信息,科技局,社会团体信息(JKMZ2),高新技术企业认定信息,律师基本信息采集表,厂企信息（网格）,组织机构代码变更信息,土地交易信息(JKGT1)
农业银行,更新时间,自然资源局,律师基本信息采集表,组织机构代码变更信息,厂企信息（网格）,镇街2,社会团体信息(JKMZ2),流动人口注销信息,变更登记信息,居住证业务有效表,道路运输经营信息采集表
检察院,项目名称,卫健局,组织机构代码信息,法院,名址库_门牌地址信息,外商实际投资情况,自然资源局,<EOP>,镇街2,高企认定或拟认定名单,机动车信息表
检察院,经营场所,自然资源局,广发银行,厂企信息（网格）,<EOP>,违法违章受处罚企业信息,土地交易信息(JKGT1),出租屋详细信息,组织机构代码变更信息,科技局,商品房预售项目信息表
公安,核定载质量,镇街6,律师基本信息采集表,财政直接支付信息(JKCZ2),工商开业登记信息,违法违章受处罚企业信息,居住证业务有效表,个人基本信息,行政服务中心,水费收集信息(包含企业用水信息),卫健局
法院,车牌号码,企业工法奖项信息,农业银行,自然资源局,企业用户基本信息,佛山市安置残疾人单位信息(JKCL1),农业农村局,公有资产管理信息,工商联,涉及职业危害作业场所,<EOP>
自然资源局,邮政编码,自然资源局,土地交易信息(JKGT1),企业用户基本信息,统战部,机动车信息表,商品房预售项目信息表,高企认定或拟认定名单,<EOP>,广发银行,组织机构代码变更信息
检察院,职业,企业用户基本信息,自然资源局,佛山市安置残疾人单位信息(JKCL1),<EOP>,工商联,企业工法奖项信息,企业基本信息,涉及职业危害作业场所,农业银行,公有资产管理信息
政数局,附件名称,卫健局,失信被执行人信息（法人或其他组织）,法院,出租屋详细信息,自然资源局,高企认定或拟认定名单,个人基本信息,组织机构代码信息,企业工法奖项信息,内资企业设立登记公告数据
法院,常住户口所在地,企业工法奖项信息,佛山市安置残疾人单位信息(JKCL1),农业农村局,农业银行,外商实际投资情况,幼儿园,名址库_门牌地址信息,工商联,企业用户基本信息,涉及职业危害作业场所
税务局,案由,出租屋详细信息,卫健局,镇街6,水费收集信息(包含企业用水信息),失信被执行人信息（法人或其他组织）,厂企信息（网格）,自然资源局,广发银行,工商开业登记信息,建设项目情况信息(JKJS3)
公安,纳税信用等级,建设项目情况信息(JKJS3),镇街6,社保局,外商实际投资情况,法定代表人正式信息表,违法违章受处罚企业信息,卫健局,财政直接支付信息(JKCZ2),镇街7,水费收集信息(包含企业用水信息)
政数局,绿地面积,名址库_门牌地址信息,法院,机动车信息表,卫健局,外商实际投资情况,内资企业设立登记公告数据,高企认定或拟认定名单,镇街2,组织机构代码信息,<EOP>
检察院,配偶姓名,企业用户基本信息,佛山市安置残疾人单位信息(JKCL1),企业工法奖项信息,自然资源局,<EOP>,农业银行,外商实际投资情况,工商联,企业基本信息,名址库_门牌地址信息
镇街1,人员编号,企业工法奖项信息,幼儿园,农业银行,农业农村局,暂住证业务表,国税欠税信息,佛山市安置残疾人单位信息(JKCL1),外商实际投资情况,涉及职业危害作业场所,危险品仓库数据表
农商行,民族,企业工法奖项信息,企业用户基本信息,机动车信息表,统战部,农业银行,佛山市安置残疾人单位信息(JKCL1),<EOP>,公有资产管理信息,商品房预售项目信息表,单位房屋产权信息表
政数局,登记日期,自然资源局,统战部,商品房预售项目信息表,名址库_门牌地址信息,<EOP>,高企认定或拟认定名单,企业工法奖项信息,广发银行,机动车信息表,农业农村局
检察院,创建时间,企业用户基本信息,自然资源局,企业工法奖项信息,佛山市安置残疾人单位信息(JKCL1),<EOP>,农业银行,工商联,公有资产管理信息,企业基本信息,涉及职业危害作业场所
政数局,说明,自然资源局,商品房预售项目信息表,机动车信息表,企业工法奖项信息,统战部,广发银行,名址库_门牌地址信息,<EOP>,财政直接支付信息(JKCZ2),违法违章受处罚企业信息
城管局,法定代表人,自然资源局,建设项目情况信息(JKJS3),组织机构代码变更信息,高新技术企业认定信息,广发银行,违法违章受处罚企业信息,水费收集信息(包含企业用水信息),土地交易信息(JKGT1),镇街7,出租屋详细信息
统战部,行业代码,自然资源局,广发银行,社会团体信息(JKMZ2),厂企信息（网格）,高新技术企业认定信息,违法违章受处罚企业信息,律师基本信息采集表,组织机构代码变更信息,土地交易信息(JKGT1),科技局
纪委,操作类型,自然资源局,厂企信息（网格）,流动人口注销信息,涉及职业危害作业场所,道路运输经营信息采集表,流动人口表,镇街2,社会团体信息(JKMZ2),广发银行,组织机构代码信息
镇街7,地址,建设项目情况信息(JKJS3),出租屋详细信息,镇街2,工商开业登记信息,组织机构代码变更信息,机动车信息表,卫健局,商品房预售项目信息表,镇街7,广发银行
农业银行,法定代表人,自然资源局,高新技术企业认定信息,建设项目情况信息(JKJS3),组织机构代码变更信息,水费收集信息(包含企业用水信息),广发银行,违法违章受处罚企业信息,出租屋详细信息,土地交易信息(JKGT1),社会团体信息(JKMZ2)
法院,人员编号,幼儿园,企业用户基本信息,企业工法奖项信息,农业银行,涉及职业危害作业场所,佛山市安置残疾人单位信息(JKCL1),工商联,组织机构代码信息,农业农村局,公有资产管理信息
金融办,建设规模,土地交易信息(JKGT1),镇街2,自然资源局,出租屋详细信息,高企认定或拟认定名单,失信被执行人信息（法人或其他组织）,组织机构代码信息,<EOP>,名址库_门牌地址信息,个人基本信息
政数局,发证机关,自然资源局,律师基本信息采集表,违法违章受处罚企业信息,广发银行,财政直接支付信息(JKCZ2),科技局,组织机构代码变更信息,土地交易信息(JKGT1),农业农村局,镇街6
公安,经办人身份证,居住证业务有效表,外商实际投资情况,建设项目情况信息(JKJS3),农业农村局,国税欠税信息,镇街6,镇街2,房屋建筑工程竣工验收备案信息(JKJS6),财政直接支付信息(JKCZ2),律师基本信息采集表
法院,组织机构代码,自然资源局,律师基本信息采集表,广发银行,科技局,组织机构代码变更信息,居住证业务有效表,土地交易信息(JKGT1),违法违章受处罚企业信息,社会团体信息(JKMZ2),企业基本信息
社保局,备注,自然资源局,企业用户基本信息,商品房预售项目信息表,统战部,企业工法奖项信息,<EOP>,高企认定或拟认定名单,机动车信息表,土地交易信息(JKGT1),法院
人才办,发证机关,律师基本信息采集表,居住证业务有效表,自然资源局,镇街6,组织机构代码变更信息,财政直接支付信息(JKCZ2),科技局,违法违章受处罚企业信息,（市经信）广东省名牌产品,土地交易信息(JKGT1)
公安,出生日期,佛山市安置残疾人单位信息(JKCL1),幼儿园,农业银行,农业农村局,外商实际投资情况,涉及职业危害作业场所,单位房屋产权信息表,危险品仓库数据表,企业工法奖项信息,国税欠税信息
公安,修改人,企业工法奖项信息,幼儿园,农业农村局,农业银行,公有资产管理信息,危险品仓库数据表,国税欠税信息,涉及职业危害作业场所,单位房屋产权信息表,居住证业务有效表
税务局,经度,厂企信息（网格）,单位房屋产权信息表,自然资源局,广发银行,危险品仓库数据表,出租屋详细信息,违法违章受处罚企业信息,镇街2,水费收集信息(包含企业用水信息),道路运输经营信息采集表
政数局,配偶姓名,企业工法奖项信息,企业用户基本信息,名址库_门牌地址信息,农业银行,佛山市安置残疾人单位信息(JKCL1),农业农村局,统战部,商品房预售项目信息表,<EOP>,机动车信息表
行政服务中心,出租面积,自然资源局,名址库_门牌地址信息,广发银行,商品房预售项目信息表,统战部,违法违章受处罚企业信息,高企认定或拟认定名单,法院,<EOP>,企业工法奖项信息
金融办,经济性质,自然资源局,土地交易信息(JKGT1),科技局,广发银行,组织机构代码变更信息,镇街2,<EOP>,工商联,违法违章受处罚企业信息,居住证业务有效表
纪委,用途,自然资源局,名址库_门牌地址信息,企业工法奖项信息,高企认定或拟认定名单,企业用户基本信息,流动人口注销信息,农业银行,吊销登记信息,<EOP>,法院
检察院,备案日期,自然资源局,<EOP>,土地交易信息(JKGT1),组织机构代码信息,组织机构代码变更信息,企业用户基本信息,统战部,名址库_门牌地址信息,高企认定或拟认定名单,广发银行
法院,更新时间,自然资源局,组织机构代码变更信息,涉及职业危害作业场所,流动人口注销信息,镇街2,组织机构代码信息,企业用户基本信息,律师基本信息采集表,流动人口表,工商联
气象局,负责人,自然资源局,机动车信息表,高企认定或拟认定名单,土地交易信息(JKGT1),名址库_门牌地址信息,科技局,危险品仓库数据表,商品房预售项目信息表,人社局,违法违章受处罚企业信息
纪委,注册号,自然资源局,厂企信息（网格）,广发银行,社会团体信息(JKMZ2),违法违章受处罚企业信息,高新技术企业认定信息,单位房屋产权信息表,道路运输经营信息采集表,土地交易信息(JKGT1),纳税信用等级纳税人备案信息
人才办,结婚日期,农业银行,佛山市安置残疾人单位信息(JKCL1),幼儿园,居住证业务有效表,企业工法奖项信息,公有资产管理信息,农业农村局,外商实际投资情况,国税欠税信息,工商联
法院,企业类型,自然资源局,广发银行,厂企信息（网格）,土地交易信息(JKGT1),科技局,违法违章受处罚企业信息,高新技术企业认定信息,社会团体信息(JKMZ2),企业基本信息,教育局
政数局,建立时间,自然资源局,企业用户基本信息,名址库_门牌地址信息,企业工法奖项信息,科技局,镇街2,土地交易信息(JKGT1),<EOP>,机动车信息表,高企认定或拟认定名单
政数局,健康状况,佛山市安置残疾人单位信息(JKCL1),企业工法奖项信息,企业用户基本信息,外商实际投资情况,农业银行,自然资源局,<EOP>,名址库_门牌地址信息,农业农村局,企业基本信息
公安,企业电子邮箱,镇街6,科技局,土地交易信息(JKGT1),吊销登记信息,变更登记信息,居住证业务有效表,个人基本信息,工商开业登记信息,道路运输经营信息采集表,房屋建筑工程竣工验收备案信息(JKJS6)
镇街1,出生日期,单位房屋产权信息表,危险品仓库数据表,佛山市安置残疾人单位信息(JKCL1),农业银行,企业工法奖项信息,农业农村局,水费收集信息(包含企业用水信息),幼儿园,暂住证业务表,外商实际投资情况
税务局,主体业态,厂企信息（网格）,出租屋详细信息,广发银行,自然资源局,水费收集信息(包含企业用水信息),违法违章受处罚企业信息,高新技术企业认定信息,社会团体信息(JKMZ2),失信被执行人信息（法人或其他组织）,建设项目情况信息(JKJS3)
税务局,附注,出租屋详细信息,卫健局,建设项目情况信息(JKJS3),水费收集信息(包含企业用水信息),工商开业登记信息,失信被执行人信息（法人或其他组织）,镇街7,广发银行,自然资源局,商品房预售项目信息表
检察院,有效期,自然资源局,广发银行,<EOP>,企业基本信息,统战部,违法违章受处罚企业信息,商品房预售项目信息表,水费收集信息(包含企业用水信息),土地交易信息(JKGT1),组织机构代码变更信息
检察院,更新时间,自然资源局,企业用户基本信息,涉及职业危害作业场所,<EOP>,工商联,组织机构代码变更信息,流动人口注销信息,组织机构代码信息,流动人口表,镇街2
公安,国籍,自然资源局,涉及职业危害作业场所,佛山市安置残疾人单位信息(JKCL1),工商联,幼儿园,公有资产管理信息,农业银行,企业用户基本信息,企业工法奖项信息,单位房屋产权信息表
镇街5,户籍地址,企业用户基本信息,组织机构代码变更信息,住房公积金个人公积金年度汇缴明细信息,流动人口表,幼儿园,镇街2,企业基本信息,佛山市安置残疾人单位信息(JKCL1),农业农村局,违法违章受处罚企业信息
法院,处罚依据,自然资源局,镇街6,广发银行,律师基本信息采集表,违法违章受处罚企业信息,财政直接支付信息(JKCZ2),组织机构代码变更信息,土地交易信息(JKGT1),居住证业务有效表,科技局
政数局,组织机构代码,自然资源局,广发银行,科技局,组织机构代码变更信息,律师基本信息采集表,土地交易信息(JKGT1),违法违章受处罚企业信息,厂企信息（网格）,社会团体信息(JKMZ2),高新技术企业认定信息
纪委,组织机构代码,自然资源局,广发银行,违法违章受处罚企业信息,科技局,社会团体信息(JKMZ2),组织机构代码变更信息,律师基本信息采集表,土地交易信息(JKGT1),厂企信息（网格）,道路运输经营信息采集表
人才办,核定载客,居住证业务有效表,自然资源局,律师基本信息采集表,统战部,违法违章受处罚企业信息,财政直接支付信息(JKCZ2),<EOP>,（市经信）广东省名牌产品,农业农村局,水费收集信息(包含企业用水信息)
人才办,竣工日期,居住证业务有效表,高企认定或拟认定名单,卫健局,组织机构代码信息,律师基本信息采集表,国税欠税信息,流动人口注销信息,（市经信）广东省名牌产品,土地交易信息(JKGT1),工商开业登记信息
公安,姓名,幼儿园,涉及职业危害作业场所,佛山市安置残疾人单位信息(JKCL1),国税欠税信息,外商实际投资情况,工商开业登记信息,农业银行,流动人口表,工商联,公有资产管理信息
公安,建设单位名称,外国人入境就业信息(JKRS6),法定代表人正式信息表,卫健局,内资企业设立登记公告数据,社保局,失信被执行人信息（法人或其他组织）,人口基础信息表,镇街6,重点建设项目计划信息,残疾人管理
纪委,离退休时间,企业用户基本信息,佛山市安置残疾人单位信息(JKCL1),流动人口表,企业工法奖项信息,<EOP>,组织机构代码变更信息,涉及职业危害作业场所,农业银行,自然资源局,工商联
纪委,成交日期,名址库_门牌地址信息,高企认定或拟认定名单,内资企业设立登记公告数据,企业工法奖项信息,农业农村局,农业银行,机动车信息表,镇街2,政数局,法院
法院,许可证编号,违法违章受处罚企业信息,广发银行,自然资源局,镇街6,厂企信息（网格）,财政直接支付信息(JKCZ2),律师基本信息采集表,社会团体信息(JKMZ2),镇街2,土地交易信息(JKGT1)
金融办,机构类型,土地交易信息(JKGT1),自然资源局,镇街2,科技局,高企认定或拟认定名单,出租屋详细信息,行政服务中心,居住证业务有效表,纳税信用等级纳税人备案信息,<EOP>
金融办,经济类型,自然资源局,土地交易信息(JKGT1),镇街2,科技局,工商联,广发银行,<EOP>,组织机构代码变更信息,道路运输经营信息采集表,出租屋详细信息
政数局,配偶姓名,企业工法奖项信息,企业用户基本信息,名址库_门牌地址信息,农业银行,佛山市安置残疾人单位信息(JKCL1),农业农村局,统战部,商品房预售项目信息表,<EOP>,机动车信息表
行政服务中心,机构类型,自然资源局,广发银行,水费收集信息(包含企业用水信息),违法违章受处罚企业信息,土地交易信息(JKGT1),科技局,建设项目情况信息(JKJS3),居住证业务有效表,律师基本信息采集表,组织机构代码变更信息
人社局,操作类型,流动人口注销信息,暂住证业务表,涉及职业危害作业场所,自然资源局,律师基本信息采集表,失信被执行人信息（法人或其他组织）,变更登记信息,政数局,厂企信息（网格）,道路运输经营信息采集表
检察院,操作类型,自然资源局,企业用户基本信息,流动人口注销信息,涉及职业危害作业场所,<EOP>,广发银行,企业基本信息,组织机构代码信息,厂企信息（网格）,工商联
金融办,修改人,工商联,企业用户基本信息,土地交易信息(JKGT1),<EOP>,企业工法奖项信息,公有资产管理信息,自然资源局,涉及职业危害作业场所,佛山市安置残疾人单位信息(JKCL1),镇街2
消防大队,主管部门,自然资源局,机动车信息表,商品房预售项目信息表,统战部,违法违章受处罚企业信息,企业工法奖项信息,危险品仓库数据表,广发银行,单位房屋产权信息表,土地交易信息(JKGT1)
政数局,性别,企业用户基本信息,企业工法奖项信息,佛山市安置残疾人单位信息(JKCL1),农业银行,<EOP>,工商联,公有资产管理信息,涉及职业危害作业场所,幼儿园,外商实际投资情况
政数局,姓名,企业用户基本信息,企业工法奖项信息,佛山市安置残疾人单位信息(JKCL1),自然资源局,涉及职业危害作业场所,<EOP>,工商联,农业银行,幼儿园,企业基本信息
检察院,更新时间,自然资源局,企业用户基本信息,涉及职业危害作业场所,<EOP>,工商联,组织机构代码变更信息,流动人口注销信息,组织机构代码信息,流动人口表,镇街2
政数局,变更内容,名址库_门牌地址信息,机动车信息表,厂企信息（网格）,违法违章受处罚企业信息,自然资源局,商品房预售项目信息表,企业工法奖项信息,广发银行,法院,危险品仓库数据表
税务局,交易类型,高企认定或拟认定名单,厂企信息（网格）,政数局,镇街2,自然资源局,失信被执行人信息（法人或其他组织）,土地交易信息(JKGT1),出租屋详细信息,房屋建筑工程竣工验收备案信息(JKJS6),科技局
法院,地址,建设项目情况信息(JKJS3),镇街2,出租屋详细信息,广发银行,组织机构代码变更信息,镇街7,组织机构代码信息,卫健局,土地交易信息(JKGT1),自然资源局
公安,地址,出租屋详细信息,卫健局,社保局,建设项目情况信息(JKJS3),镇街2,失信被执行人信息（法人或其他组织）,人口基础信息表,工商开业登记信息,单位房屋产权信息表,法定代表人正式信息表
税务局,负责人,人口基础信息表,自然资源局,出租屋详细信息,社保局,广发银行,水费收集信息(包含企业用水信息),卫健局,高新技术企业认定信息,单位房屋产权信息表,镇街6
纪委,入学日期,企业工法奖项信息,企业用户基本信息,佛山市安置残疾人单位信息(JKCL1),农业银行,外商实际投资情况,农业农村局,幼儿园,公有资产管理信息,流动人口表,建设项目情况信息(JKJS3)
行政服务中心,民族,企业用户基本信息,企业工法奖项信息,佛山市安置残疾人单位信息(JKCL1),自然资源局,农业银行,<EOP>,工商联,涉及职业危害作业场所,公有资产管理信息,企业基本信息
政数局,企业名称,自然资源局,广发银行,厂企信息（网格）,出租屋详细信息,土地交易信息(JKGT1),高新技术企业认定信息,道路运输经营信息采集表,违法违章受处罚企业信息,个人基本信息,镇街6
农业银行,实收资本,自然资源局,土地交易信息(JKGT1),高新技术企业认定信息,科技局,居住证业务有效表,广发银行,组织机构代码变更信息,行政服务中心,厂企信息（网格）,律师基本信息采集表
检察院,受理日期,外商实际投资情况,组织机构代码信息,建设项目情况信息(JKJS3),名址库_门牌地址信息,<EOP>,农业银行,佛山市安置残疾人单位信息(JKCL1),镇街2,（市经信）广东省名牌产品,自然资源局
政数局,用途,自然资源局,高企认定或拟认定名单,名址库_门牌地址信息,企业用户基本信息,流动人口注销信息,组织机构代码信息,<EOP>,企业工法奖项信息,涉及职业危害作业场所,土地交易信息(JKGT1)
住建水利局,地号,组织机构代码信息,名址库_门牌地址信息,镇街2,失信被执行人信息（法人或其他组织）,外商实际投资情况,政数局,高企认定或拟认定名单,法定代表人正式信息表,卫健局,镇街6
法院,照相费,居住证业务有效表,农业农村局,组织机构代码变更信息,镇街2,外商实际投资情况,科技局,佛山市安置残疾人单位信息(JKCL1),农业银行,自然资源局,律师基本信息采集表
税务局,联系电话,自然资源局,出租屋详细信息,水费收集信息(包含企业用水信息),住房公积金个人公积金年度汇缴明细信息,单位房屋产权信息表,土地交易信息(JKGT1),统战部,商品房预售项目信息表,广发银行,危险品仓库数据表
文广旅体局,实收资本,自然资源局,土地交易信息(JKGT1),广发银行,组织机构代码变更信息,科技局,高企认定或拟认定名单,厂企信息（网格）,高新技术企业认定信息,纳税信用等级纳税人备案信息,出租屋详细信息
自然资源局,备注2,自然资源局,企业用户基本信息,机动车信息表,企业工法奖项信息,统战部,商品房预售项目信息表,高企认定或拟认定名单,<EOP>,名址库_门牌地址信息,土地交易信息(JKGT1)
法院,更新时间,自然资源局,组织机构代码变更信息,涉及职业危害作业场所,流动人口注销信息,镇街2,组织机构代码信息,企业用户基本信息,律师基本信息采集表,流动人口表,工商联
镇街3,联系电话,商品房预售项目信息表,统战部,机动车信息表,单位房屋产权信息表,危险品仓库数据表,企业工法奖项信息,工商开业登记信息,佛山市安置残疾人单位信息(JKCL1),住房公积金个人公积金年度汇缴明细信息,人口基础信息表
法院,姓名,佛山市安置残疾人单位信息(JKCL1),企业用户基本信息,涉及职业危害作业场所,工商联,自然资源局,幼儿园,企业基本信息,<EOP>,企业工法奖项信息,农业银行
公安,发证日期,律师基本信息采集表,水费收集信息(包含企业用水信息),暂住证业务表,违法违章受处罚企业信息,居住证业务有效表,镇街6,财政直接支付信息(JKCZ2),建设工程规划许可证信息JKGH2,厂企信息（网格）,社会团体信息(JKMZ2)
纪委,操作类型,自然资源局,厂企信息（网格）,流动人口注销信息,涉及职业危害作业场所,道路运输经营信息采集表,流动人口表,镇街2,社会团体信息(JKMZ2),广发银行,组织机构代码信息
政数局,职工人数,自然资源局,组织机构代码变更信息,建设项目情况信息(JKJS3),土地交易信息(JKGT1),佛山市安置残疾人单位信息(JKCL1),科技局,名址库_门牌地址信息,<EOP>,组织机构代码信息,外商实际投资情况
政数局,鉴定时间,企业工法奖项信息,外商实际投资情况,农业银行,农业农村局,内资企业设立登记公告数据,名址库_门牌地址信息,佛山市安置残疾人单位信息(JKCL1),企业用户基本信息,社保局,法定代表人正式信息表
检察院,建筑面积,自然资源局,卫健局,组织机构代码信息,名址库_门牌地址信息,<EOP>,法院,高企认定或拟认定名单,外商实际投资情况,镇街2,建设项目情况信息(JKJS3)
纪委,住房情况,企业工法奖项信息,企业用户基本信息,佛山市安置残疾人单位信息(JKCL1),农业银行,外商实际投资情况,名址库_门牌地址信息,农业农村局,<EOP>,工商联,公有资产管理信息
农商行,法定代表人,自然资源局,商品房预售项目信息表,统战部,建设项目情况信息(JKJS3),机动车信息表,广发银行,组织机构代码变更信息,违法违章受处罚企业信息,出租屋详细信息,水费收集信息(包含企业用水信息)
金融办,注册资本,自然资源局,土地交易信息(JKGT1),高新技术企业认定信息,广发银行,科技局,高企认定或拟认定名单,厂企信息（网格）,工商联,<EOP>,出租屋详细信息
城管局,核准日期,自然资源局,厂企信息（网格）,违法违章受处罚企业信息,广发银行,社会团体信息(JKMZ2),高新技术企业认定信息,土地交易信息(JKGT1),教育局,纳税信用等级纳税人备案信息,道路运输经营信息采集表
公安,提交时间,卫健局,外国人入境就业信息(JKRS6),法定代表人正式信息表,内资企业设立登记公告数据,失信被执行人信息（法人或其他组织）,工商开业登记信息,个人基本信息,国税欠税信息,镇街6,政数局
行政服务中心,结婚日期,企业工法奖项信息,农业银行,佛山市安置残疾人单位信息(JKCL1),企业用户基本信息,农业农村局,外商实际投资情况,统战部,幼儿园,名址库_门牌地址信息,<EOP>
人才办,照相费,居住证业务有效表,律师基本信息采集表,幼儿园,组织机构代码变更信息,科技局,农业农村局,（市经信）广东省名牌产品,国税欠税信息,农业银行,佛山市安置残疾人单位信息(JKCL1)
自然资源局,变更日期,自然资源局,商品房预售项目信息表,统战部,机动车信息表,企业工法奖项信息,企业用户基本信息,<EOP>,土地交易信息(JKGT1),广发银行,高企认定或拟认定名单
税务局,建立时间,出租屋详细信息,自然资源局,镇街2,土地交易信息(JKGT1),单位房屋产权信息表,危险品仓库数据表,名址库_门牌地址信息,广发银行,失信被执行人信息（法人或其他组织）,卫健局
公安,车牌号,单位房屋产权信息表,危险品仓库数据表,农业农村局,统战部,居住证业务有效表,农业银行,违法违章受处罚企业信息,自然资源局,财政直接支付信息(JKCZ2),企业工法奖项信息
公安,登记日期,统战部,居住证业务有效表,水费收集信息(包含企业用水信息),律师基本信息采集表,危险品仓库数据表,自然资源局,农业农村局,商品房预售项目信息表,工商开业登记信息,国税欠税信息
公安,经营年限,自然资源局,土地交易信息(JKGT1),科技局,高新技术企业认定信息,行政服务中心,高企认定或拟认定名单,纳税信用等级纳税人备案信息,居住证业务有效表,组织机构代码变更信息,违法违章受处罚企业信息
纪委,业务流水号,农业农村局,变更登记信息,镇街2,道路运输经营信息采集表,名址库_门牌地址信息,违法违章受处罚企业信息,企业工法奖项信息,建设项目情况信息(JKJS3),农业银行,组织机构代码变更信息
人才办,土地用途,流动人口注销信息,失信被执行人信息（法人或其他组织）,政数局,高企认定或拟认定名单,居住证业务有效表,外国人入境就业信息(JKRS6),律师基本信息采集表,组织机构代码信息,自然资源局,镇街2
农商行,评价结果,机动车信息表,商品房预售项目信息表,违法违章受处罚企业信息,统战部,危险品仓库数据表,企业工法奖项信息,单位房屋产权信息表,广发银行,自然资源局,社保局
纪委,房屋产权性质,名址库_门牌地址信息,高企认定或拟认定名单,组织机构代码信息,建设工程规划许可证信息JKGH2,农业农村局,镇街2,法院,违法违章受处罚企业信息,企业用户基本信息,自然资源局
法院,户号,企业用户基本信息,自然资源局,工商联,镇街2,涉及职业危害作业场所,<EOP>,组织机构代码信息,佛山市安置残疾人单位信息(JKCL1),流动人口表,农业银行
纪委,工商注册号,自然资源局,广发银行,违法违章受处罚企业信息,厂企信息（网格）,单位房屋产权信息表,科技局,社会团体信息(JKMZ2),道路运输经营信息采集表,土地交易信息(JKGT1),组织机构代码变更信息
政数局,房屋编号,名址库_门牌地址信息,企业工法奖项信息,高企认定或拟认定名单,法院,企业用户基本信息,农业农村局,组织机构代码信息,镇街2,内资企业设立登记公告数据,<EOP>
发改局,组织机构代码,自然资源局,律师基本信息采集表,广发银行,科技局,组织机构代码变更信息,违法违章受处罚企业信息,财政直接支付信息(JKCZ2),土地交易信息(JKGT1),社会团体信息(JKMZ2),居住证业务有效表
政数局,处罚依据,自然资源局,广发银行,违法违章受处罚企业信息,镇街6,财政直接支付信息(JKCZ2),厂企信息（网格）,律师基本信息采集表,商品房预售项目信息表,土地交易信息(JKGT1),机动车信息表
人才办,证字,居住证业务有效表,律师基本信息采集表,镇街6,财政直接支付信息(JKCZ2),卫健局,建设项目情况信息(JKJS3),外国人入境就业信息(JKRS6),工商开业登记信息,（市经信）广东省名牌产品,幼儿园
镇街1,回执编号,单位房屋产权信息表,农业农村局,危险品仓库数据表,农业银行,暂住证业务表,企业工法奖项信息,幼儿园,国税欠税信息,外商实际投资情况,社保局
纪委,使用性质,自然资源局,名址库_门牌地址信息,厂企信息（网格）,违法违章受处罚企业信息,高企认定或拟认定名单,流动人口注销信息,广发银行,法院,单位房屋产权信息表,农业农村局
公安,房屋产权性质,高企认定或拟认定名单,名址库_门牌地址信息,建设工程规划许可证信息JKGH2,政数局,失信被执行人信息（法人或其他组织）,外商实际投资情况,卫健局,法定代表人正式信息表,内资企业设立登记公告数据,残疾人管理
政数局,操作时间,名址库_门牌地址信息,企业工法奖项信息,组织机构代码信息,企业用户基本信息,自然资源局,镇街2,法院,高企认定或拟认定名单,农业银行,<EOP>
消防大队,产权证号,机动车信息表,统战部,商品房预售项目信息表,自然资源局,高企认定或拟认定名单,名址库_门牌地址信息,企业工法奖项信息,企业用户基本信息,危险品仓库数据表,违法违章受处罚企业信息
宣传部,组织机构代码,自然资源局,律师基本信息采集表,居住证业务有效表,科技局,社会团体信息(JKMZ2),违法违章受处罚企业信息,高新技术企业认定信息,土地交易信息(JKGT1),（市经信）广东省名牌产品,广发银行
法院,房间号,自然资源局,农业银行,名址库_门牌地址信息,佛山市安置残疾人单位信息(JKCL1),居住证业务有效表,（市经信）广东省名牌产品,镇街2,农业农村局,科技局,公有资产管理信息
社保局,投资币种,自然资源局,土地交易信息(JKGT1),厂企信息（网格）,高企认定或拟认定名单,广发银行,科技局,<EOP>,纳税信用等级纳税人备案信息,道路运输经营信息采集表,教育局
纪委,更新时间,自然资源局,企业用户基本信息,企业工法奖项信息,组织机构代码变更信息,流动人口表,流动人口注销信息,涉及职业危害作业场所,镇街2,名址库_门牌地址信息,组织机构代码信息
纪委,更新时间,自然资源局,企业用户基本信息,企业工法奖项信息,组织机构代码变更信息,流动人口表,流动人口注销信息,涉及职业危害作业场所,镇街2,名址库_门牌地址信息,组织机构代码信息
行政服务中心,批准日期,律师基本信息采集表,自然资源局,卫健局,广发银行,法院,失信被执行人信息（法人或其他组织）,财政直接支付信息(JKCZ2),商品房预售项目信息表,企业工法奖项信息,违法违章受处罚企业信息
行政服务中心,房屋用途,自然资源局,名址库_门牌地址信息,厂企信息（网格）,广发银行,违法违章受处罚企业信息,企业工法奖项信息,<EOP>,高企认定或拟认定名单,商品房预售项目信息表,企业用户基本信息
纪委,地址,建设项目情况信息(JKJS3),出租屋详细信息,商品房预售项目信息表,机动车信息表,广发银行,镇街2,单位房屋产权信息表,人口基础信息表,社保局,卫健局
检察院,操作类型,自然资源局,企业用户基本信息,流动人口注销信息,涉及职业危害作业场所,<EOP>,广发银行,企业基本信息,组织机构代码信息,厂企信息（网格）,工商联
人才办,数据来源,居住证业务有效表,幼儿园,公有资产管理信息,（市经信）广东省名牌产品,农业银行,流动人口注销信息,组织机构代码信息,外国人入境就业信息(JKRS6),佛山市安置残疾人单位信息(JKCL1),科技局
人才办,工程名称,卫健局,居住证业务有效表,外国人入境就业信息(JKRS6),镇街6,失信被执行人信息（法人或其他组织）,内资企业设立登记公告数据,工商开业登记信息,律师基本信息采集表,组织机构代码信息,出租屋详细信息
人才办,验证日期,居住证业务有效表,律师基本信息采集表,幼儿园,组织机构代码变更信息,国税欠税信息,流动人口表,农业农村局,农业银行,企业工法奖项信息,用电量信息表
金融办,备注,自然资源局,土地交易信息(JKGT1),出租屋详细信息,<EOP>,高企认定或拟认定名单,工商联,镇街2,单位房屋产权信息表,名址库_门牌地址信息,科技局
法院,交通工具,企业用户基本信息,企业工法奖项信息,自然资源局,佛山市安置残疾人单位信息(JKCL1),农业银行,工商联,涉及职业危害作业场所,<EOP>,公有资产管理信息,企业基本信息
政数局,施工单位,自然资源局,机动车信息表,名址库_门牌地址信息,广发银行,法院,商品房预售项目信息表,出租屋详细信息,高企认定或拟认定名单,土地交易信息(JKGT1),违法违章受处罚企业信息
行政服务中心,联防费,自然资源局,企业用户基本信息,科技局,<EOP>,企业工法奖项信息,土地交易信息(JKGT1),组织机构代码变更信息,广发银行,高企认定或拟认定名单,律师基本信息采集表
纪委,所属区,镇街2,广发银行,违法违章受处罚企业信息,组织机构代码变更信息,水费收集信息(包含企业用水信息),自然资源局,建设项目情况信息(JKJS3),科技局,农业农村局,名址库_门牌地址信息
公安,单位性质,佛山市安置残疾人单位信息(JKCL1),幼儿园,外商实际投资情况,水费收集信息(包含企业用水信息),涉及职业危害作业场所,国税欠税信息,住房公积金个人公积金年度汇缴明细信息,农业农村局,农业银行,居住证业务有效表
镇街7,入住日期,企业工法奖项信息,企业用户基本信息,农业银行,农业农村局,佛山市安置残疾人单位信息(JKCL1),公有资产管理信息,名址库_门牌地址信息,自然资源局,组织机构代码变更信息,统战部
镇街4,回执编号,农业农村局,幼儿园,居住证业务有效表,农业银行,镇街2,外商实际投资情况,变更登记信息,建设项目情况信息(JKJS3),企业工法奖项信息,名址库_门牌地址信息
镇街6,居住地址,企业工法奖项信息,佛山市安置残疾人单位信息(JKCL1),企业用户基本信息,农业银行,自然资源局,农业农村局,涉及职业危害作业场所,幼儿园,工商联,外商实际投资情况
纪委,公民身份号码,企业用户基本信息,企业工法奖项信息,佛山市安置残疾人单位信息(JKCL1),农业银行,<EOP>,自然资源局,流动人口表,公有资产管理信息,涉及职业危害作业场所,工商联
农商行,序号,统战部,商品房预售项目信息表,机动车信息表,企业工法奖项信息,危险品仓库数据表,单位房屋产权信息表,自然资源局,工商开业登记信息,农业农村局,违法违章受处罚企业信息
金融办,律师执业证号,土地交易信息(JKGT1),工商联,镇街2,公有资产管理信息,自然资源局,科技局,<EOP>,企业用户基本信息,名址库_门牌地址信息,居住证业务有效表
金融办,操作类型,自然资源局,镇街2,土地交易信息(JKGT1),工商联,流动人口注销信息,高企认定或拟认定名单,组织机构代码信息,道路运输经营信息采集表,名址库_门牌地址信息,涉及职业危害作业场所
行政服务中心,居住方式,企业工法奖项信息,企业用户基本信息,农业银行,名址库_门牌地址信息,佛山市安置残疾人单位信息(JKCL1),外商实际投资情况,<EOP>,农业农村局,工商联,涉及职业危害作业场所
行政服务中心,企业地址,自然资源局,广发银行,厂企信息（网格）,违法违章受处罚企业信息,出租屋详细信息,社会团体信息(JKMZ2),律师基本信息采集表,土地交易信息(JKGT1),道路运输经营信息采集表,高新技术企业认定信息
行政服务中心,入住日期,企业工法奖项信息,企业用户基本信息,农业银行,佛山市安置残疾人单位信息(JKCL1),自然资源局,商品房预售项目信息表,统战部,农业农村局,<EOP>,名址库_门牌地址信息
检察院,邮政编码,自然资源局,土地交易信息(JKGT1),<EOP>,广发银行,企业基本信息,组织机构代码变更信息,科技局,企业用户基本信息,居住证业务有效表,高企认定或拟认定名单
法院,营业执照号码,自然资源局,广发银行,律师基本信息采集表,违法违章受处罚企业信息,土地交易信息(JKGT1),科技局,居住证业务有效表,组织机构代码变更信息,厂企信息（网格）,社会团体信息(JKMZ2)
镇街2,户籍地址,企业用户基本信息,企业工法奖项信息,农业银行,<EOP>,佛山市安置残疾人单位信息(JKCL1),工商联,名址库_门牌地址信息,统战部,涉及职业危害作业场所,农业农村局
法院,营业执照副本扫描件,自然资源局,组织机构代码变更信息,居住证业务有效表,镇街2,组织机构代码信息,科技局,土地交易信息(JKGT1),<EOP>,律师基本信息采集表,名址库_门牌地址信息
镇街6,原因,企业工法奖项信息,外商实际投资情况,农业农村局,农业银行,内资企业设立登记公告数据,财政直接支付信息(JKCZ2),自然资源局,佛山市安置残疾人单位信息(JKCL1),名址库_门牌地址信息,组织机构代码信息
检察院,机构类型,自然资源局,土地交易信息(JKGT1),<EOP>,广发银行,（市经信）广东省名牌产品,水费收集信息(包含企业用水信息),居住证业务有效表,组织机构代码变更信息,企业基本信息,佛山市安置残疾人单位信息(JKCL1)
政数局,证件号码,自然资源局,企业用户基本信息,涉及职业危害作业场所,佛山市安置残疾人单位信息(JKCL1),企业工法奖项信息,农业银行,工商联,道路运输经营信息采集表,名址库_门牌地址信息,<EOP>
检察院,使用年限,自然资源局,企业用户基本信息,<EOP>,工商联,组织机构代码信息,高企认定或拟认定名单,企业基本信息,名址库_门牌地址信息,佛山市安置残疾人单位信息(JKCL1),涉及职业危害作业场所
政数局,最高学历,企业工法奖项信息,佛山市安置残疾人单位信息(JKCL1),企业用户基本信息,幼儿园,农业银行,外商实际投资情况,涉及职业危害作业场所,农业农村局,<EOP>,工商联
行政服务中心,更新时间,自然资源局,企业用户基本信息,企业工法奖项信息,涉及职业危害作业场所,流动人口注销信息,律师基本信息采集表,组织机构代码变更信息,农业银行,名址库_门牌地址信息,流动人口表
教育局,政治面貌,企业工法奖项信息,农业银行,企业用户基本信息,佛山市安置残疾人单位信息(JKCL1),公有资产管理信息,农业农村局,幼儿园,涉及职业危害作业场所,外商实际投资情况,<EOP>
人社局,地址,社保局,卫健局,单位房屋产权信息表,人口基础信息表,镇街2,出租屋详细信息,城管局,危险品仓库数据表,失信被执行人信息（法人或其他组织）,工商开业登记信息
纪委,修改时间,企业工法奖项信息,企业用户基本信息,农业银行,公有资产管理信息,涉及职业危害作业场所,幼儿园,农业农村局,佛山市安置残疾人单位信息(JKCL1),名址库_门牌地址信息,流动人口注销信息
政数局,经营范围,自然资源局,广发银行,厂企信息（网格）,高新技术企业认定信息,土地交易信息(JKGT1),违法违章受处罚企业信息,科技局,纳税信用等级纳税人备案信息,社会团体信息(JKMZ2),组织机构代码变更信息
检察院,企业注册号,自然资源局,广发银行,土地交易信息(JKGT1),出租屋详细信息,违法违章受处罚企业信息,组织机构代码变更信息,<EOP>,科技局,厂企信息（网格）,镇街2
税务局,联系人,自然资源局,出租屋详细信息,单位房屋产权信息表,土地交易信息(JKGT1),危险品仓库数据表,广发银行,人口基础信息表,机动车信息表,工商开业登记信息,高新技术企业认定信息
检察院,安全生产许可证编号,<EOP>,自然资源局,企业工法奖项信息,企业用户基本信息,外商实际投资情况,组织机构代码变更信息,组织机构代码信息,统战部,建设项目情况信息(JKJS3),商品房预售项目信息表
纪委,流动原因,佛山市安置残疾人单位信息(JKCL1),企业工法奖项信息,外商实际投资情况,企业用户基本信息,农业农村局,农业银行,名址库_门牌地址信息,<EOP>,组织机构代码变更信息,建设项目情况信息(JKJS3)
住建水利局,土地类别,高企认定或拟认定名单,组织机构代码信息,政数局,自然资源局,名址库_门牌地址信息,个人基本信息,重点建设项目计划信息,镇街2,镇街6,流动人口注销信息
公安,合同签订日期,卫健局,高企认定或拟认定名单,内资企业设立登记公告数据,工商开业登记信息,失信被执行人信息（法人或其他组织）,房屋建筑工程竣工验收备案信息(JKJS6),法院,国税欠税信息,法定代表人正式信息表,个人基本信息
教育局,配偶姓名,企业工法奖项信息,农业银行,企业用户基本信息,农业农村局,名址库_门牌地址信息,危险品仓库数据表,单位房屋产权信息表,机动车信息表,佛山市安置残疾人单位信息(JKCL1),公有资产管理信息
行政服务中心,更新时间,自然资源局,企业用户基本信息,企业工法奖项信息,涉及职业危害作业场所,流动人口注销信息,律师基本信息采集表,组织机构代码变更信息,农业银行,名址库_门牌地址信息,流动人口表
纪委,经营范围,自然资源局,广发银行,高新技术企业认定信息,厂企信息（网格）,违法违章受处罚企业信息,土地交易信息(JKGT1),科技局,纳税信用等级纳税人备案信息,社会团体信息(JKMZ2),统计局
税务局,权属性质,自然资源局,厂企信息（网格）,高企认定或拟认定名单,土地交易信息(JKGT1),出租屋详细信息,镇街2,名址库_门牌地址信息,失信被执行人信息（法人或其他组织）,道路运输经营信息采集表,组织机构代码信息
纪委,持证情况,企业工法奖项信息,农业农村局,外商实际投资情况,农业银行,佛山市安置残疾人单位信息(JKCL1),违法违章受处罚企业信息,企业用户基本信息,财政直接支付信息(JKCZ2),名址库_门牌地址信息,社保局
公安,管理级别,律师基本信息采集表,个人基本信息,镇街6,失信被执行人信息（法人或其他组织）,卫健局,行政服务中心,工商开业登记信息,外国人入境就业信息(JKRS6),土地交易信息(JKGT1),高企认定或拟认定名单
广发银行,更新时间,自然资源局,律师基本信息采集表,镇街2,流动人口注销信息,厂企信息（网格）,组织机构代码变更信息,变更登记信息,社会团体信息(JKMZ2),涉及职业危害作业场所,道路运输经营信息采集表
检察院,联系电话,自然资源局,<EOP>,统战部,佛山市安置残疾人单位信息(JKCL1),企业基本信息,企业用户基本信息,商品房预售项目信息表,广发银行,土地交易信息(JKGT1),机动车信息表
政数局,业务流水号,镇街2,农业农村局,变更登记信息,名址库_门牌地址信息,组织机构代码变更信息,道路运输经营信息采集表,镇街7,建设工程规划许可证信息JKGH2,建设项目情况信息(JKJS3),广发银行
政数局,村居,机动车信息表,企业工法奖项信息,商品房预售项目信息表,统战部,名址库_门牌地址信息,企业用户基本信息,自然资源局,<EOP>,危险品仓库数据表,农业农村局
纪委,成交金额,高企认定或拟认定名单,政数局,自然资源局,名址库_门牌地址信息,房屋建筑工程竣工验收备案信息(JKJS6),科技局,组织机构代码信息,土地交易信息(JKGT1),纳税信用等级纳税人备案信息,外国人入境就业信息(JKRS6)
检察院,民族,企业用户基本信息,自然资源局,佛山市安置残疾人单位信息(JKCL1),<EOP>,工商联,企业工法奖项信息,企业基本信息,农业银行,公有资产管理信息,涉及职业危害作业场所
检察院,审核人,企业用户基本信息,企业工法奖项信息,农业银行,佛山市安置残疾人单位信息(JKCL1),<EOP>,工商联,自然资源局,外商实际投资情况,公有资产管理信息,名址库_门牌地址信息
检察院,奖项荣誉,自然资源局,企业用户基本信息,<EOP>,佛山市安置残疾人单位信息(JKCL1),企业基本信息,企业工法奖项信息,工商联,组织机构代码信息,外商实际投资情况,农业银行
农商行,毕业时间,企业工法奖项信息,企业用户基本信息,佛山市安置残疾人单位信息(JKCL1),农业银行,统战部,农业农村局,幼儿园,公有资产管理信息,外商实际投资情况,商品房预售项目信息表
公安,专长技能,外商实际投资情况,国税欠税信息,法定代表人正式信息表,水费收集信息(包含企业用水信息),卫健局,失信被执行人信息（法人或其他组织）,工商开业登记信息,幼儿园,内资企业设立登记公告数据,农业农村局
公安,整备质量,吊销登记信息,企业工法奖项信息,内资企业设立登记公告数据,名址库_门牌地址信息,流动人口注销信息,居住证业务有效表,公有资产管理信息,高企认定或拟认定名单,危险品仓库数据表,单位房屋产权信息表
税务局,所在位置,出租屋详细信息,单位房屋产权信息表,危险品仓库数据表,卫健局,社保局,失信被执行人信息（法人或其他组织）,镇街2,人口基础信息表,广发银行,水费收集信息(包含企业用水信息)
检察院,经济类型,自然资源局,企业基本信息,广发银行,<EOP>,佛山市安置残疾人单位信息(JKCL1),（市经信）广东省名牌产品,组织机构代码变更信息,组织机构代码信息,土地交易信息(JKGT1),建设项目情况信息(JKJS3)
政数局,移动电话,企业工法奖项信息,自然资源局,企业用户基本信息,科技局,公有资产管理信息,农业银行,镇街2,名址库_门牌地址信息,农业农村局,组织机构代码信息
行政服务中心,成交日期,名址库_门牌地址信息,企业工法奖项信息,农业银行,企业用户基本信息,农业农村局,高企认定或拟认定名单,组织机构代码信息,内资企业设立登记公告数据,机动车信息表,镇街2
金融办,登记地址,自然资源局,土地交易信息(JKGT1),镇街2,广发银行,<EOP>,科技局,工商联,单位房屋产权信息表,厂企信息（网格）,违法违章受处罚企业信息
人才办,备注,自然资源局,律师基本信息采集表,居住证业务有效表,流动人口注销信息,流动人口表,高企认定或拟认定名单,土地交易信息(JKGT1),组织机构代码变更信息,公有资产管理信息,出租屋详细信息
公安,房间号,农业银行,外国人入境就业信息(JKRS6),高企认定或拟认定名单,人口基础信息表,名址库_门牌地址信息,卫健局,农业农村局,社保局,居住证业务有效表,内资企业设立登记公告数据
公安,注册登记日期,律师基本信息采集表,居住证业务有效表,水费收集信息(包含企业用水信息),建设项目情况信息(JKJS3),卫健局,工商开业登记信息,国税欠税信息,财政直接支付信息(JKCZ2),行政服务中心,镇街7
公安,地址,出租屋详细信息,卫健局,社保局,建设项目情况信息(JKJS3),镇街2,失信被执行人信息（法人或其他组织）,人口基础信息表,工商开业登记信息,单位房屋产权信息表,法定代表人正式信息表
市监局,发证日期,暂住证业务表,水费收集信息(包含企业用水信息),违法违章受处罚企业信息,律师基本信息采集表,财政直接支付信息(JKCZ2),变更登记信息,农业农村局,社会团体信息(JKMZ2),建设工程规划许可证信息JKGH2,居住证业务有效表
检察院,备注,自然资源局,<EOP>,企业用户基本信息,高企认定或拟认定名单,土地交易信息(JKGT1),企业基本信息,统战部,广发银行,流动人口表,商品房预售项目信息表
公安,注销时间,违法违章受处罚企业信息,居住证业务有效表,镇街6,名址库_门牌地址信息,科技局,财政直接支付信息(JKCZ2),农业农村局,变更登记信息,建设工程规划许可证信息JKGH2,镇街2
公安,统一社会信用代码,出租屋详细信息,水费收集信息(包含企业用水信息),律师基本信息采集表,高新技术企业认定信息,镇街6,行政服务中心,房屋建筑工程竣工验收备案信息(JKJS6),变更登记信息,厂企信息（网格）,失信被执行人信息（法人或其他组织）
法院,创建人,自然资源局,工商联,企业用户基本信息,名址库_门牌地址信息,农业银行,佛山市安置残疾人单位信息(JKCL1),<EOP>,组织机构代码信息,镇街2,企业基本信息
检察院,案由,自然资源局,<EOP>,企业用户基本信息,组织机构代码信息,企业基本信息,统战部,佛山市安置残疾人单位信息(JKCL1),高企认定或拟认定名单,（市经信）广东省名牌产品,名址库_门牌地址信息
公安,最后更新时间,厂企信息（网格）,自然资源局,单位房屋产权信息表,危险品仓库数据表,违法违章受处罚企业信息,道路运输经营信息采集表,高新技术企业认定信息,广发银行,社会团体信息(JKMZ2),出租屋详细信息
纪委,建筑面积,卫健局,名址库_门牌地址信息,法院,法定代表人正式信息表,内资企业设立登记公告数据,失信被执行人信息（法人或其他组织）,高企认定或拟认定名单,外国人入境就业信息(JKRS6),重点建设项目计划信息,外商实际投资情况
税务局,行业门类,自然资源局,厂企信息（网格）,广发银行,高新技术企业认定信息,出租屋详细信息,土地交易信息(JKGT1),违法违章受处罚企业信息,社会团体信息(JKMZ2),科技局,纳税信用等级纳税人备案信息
金融办,联系人,土地交易信息(JKGT1),自然资源局,镇街2,出租屋详细信息,机动车信息表,单位房屋产权信息表,高企认定或拟认定名单,<EOP>,工商联,科技局
公安,获奖情况,外商实际投资情况,法定代表人正式信息表,社保局,国税欠税信息,工商开业登记信息,内资企业设立登记公告数据,卫健局,人口基础信息表,农业农村局,幼儿园
人社局,预计竣工日期,卫健局,失信被执行人信息（法人或其他组织）,法定代表人正式信息表,外国人入境就业信息(JKRS6),内资企业设立登记公告数据,社保局,国税欠税信息,外商实际投资情况,法院,出租屋详细信息
纪委,地址,建设项目情况信息(JKJS3),出租屋详细信息,商品房预售项目信息表,机动车信息表,广发银行,镇街2,单位房屋产权信息表,人口基础信息表,社保局,卫健局
纪委,交易日期,高企认定或拟认定名单,名址库_门牌地址信息,自然资源局,科技局,土地交易信息(JKGT1),房屋建筑工程竣工验收备案信息(JKJS6),镇街6,纳税信用等级纳税人备案信息,法院,镇街2
纪委,区域,自然资源局,广发银行,出租屋详细信息,违法违章受处罚企业信息,名址库_门牌地址信息,法院,卫健局,厂企信息（网格）,单位房屋产权信息表,商品房预售项目信息表
政数局,身份证号码,企业用户基本信息,自然资源局,佛山市安置残疾人单位信息(JKCL1),流动人口表,涉及职业危害作业场所,组织机构代码变更信息,工商联,企业工法奖项信息,住房公积金个人公积金年度汇缴明细信息,<EOP>
农商行,邮政编码,统战部,自然资源局,商品房预售项目信息表,企业工法奖项信息,机动车信息表,企业用户基本信息,单位房屋产权信息表,土地交易信息(JKGT1),危险品仓库数据表,佛山市安置残疾人单位信息(JKCL1)
税务局,年检期限,自然资源局,违法违章受处罚企业信息,广发银行,水费收集信息(包含企业用水信息),居住证业务有效表,律师基本信息采集表,厂企信息（网格）,建设项目情况信息(JKJS3),镇街2,出租屋详细信息
镇街6,文化程度,佛山市安置残疾人单位信息(JKCL1),企业用户基本信息,企业工法奖项信息,幼儿园,外商实际投资情况,农业银行,工商联,涉及职业危害作业场所,<EOP>,公有资产管理信息
检察院,操作类型,自然资源局,企业用户基本信息,流动人口注销信息,涉及职业危害作业场所,<EOP>,广发银行,企业基本信息,组织机构代码信息,厂企信息（网格）,工商联
公安,建设单位,卫健局,法定代表人正式信息表,内资企业设立登记公告数据,社保局,失信被执行人信息（法人或其他组织）,外国人入境就业信息(JKRS6),镇街6,工商开业登记信息,出租屋详细信息,个人基本信息
住建水利局,批准日期,建设项目情况信息(JKJS3),卫健局,失信被执行人信息（法人或其他组织）,律师基本信息采集表,组织机构代码信息,镇街6,出租屋详细信息,广发银行,自然资源局,法院
政数局,操作类型,自然资源局,厂企信息（网格）,涉及职业危害作业场所,流动人口注销信息,道路运输经营信息采集表,律师基本信息采集表,广发银行,镇街2,组织机构代码变更信息,企业用户基本信息
纪委,健康状况,佛山市安置残疾人单位信息(JKCL1),企业工法奖项信息,外商实际投资情况,企业用户基本信息,农业银行,农业农村局,单位房屋产权信息表,危险品仓库数据表,自然资源局,<EOP>
金融办,服务时间,土地交易信息(JKGT1),镇街2,自然资源局,<EOP>,工商联,机动车信息表,单位房屋产权信息表,名址库_门牌地址信息,出租屋详细信息,科技局
法院,所属行业,自然资源局,广发银行,科技局,土地交易信息(JKGT1),组织机构代码信息,企业基本信息,（市经信）广东省名牌产品,教育局,流动人口注销信息,重点建设项目计划信息
气象局,发证单位,自然资源局,企业工法奖项信息,机动车信息表,统战部,商品房预售项目信息表,违法违章受处罚企业信息,广发银行,<EOP>,财政直接支付信息(JKCZ2),危险品仓库数据表
金融办,货币种类,土地交易信息(JKGT1),自然资源局,镇街2,科技局,高企认定或拟认定名单,工商联,居住证业务有效表,<EOP>,组织机构代码变更信息,名址库_门牌地址信息
金融办,安置人数,自然资源局,土地交易信息(JKGT1),工商联,镇街2,<EOP>,高企认定或拟认定名单,科技局,居住证业务有效表,名址库_门牌地址信息,行政服务中心
纪委,用途,自然资源局,名址库_门牌地址信息,企业工法奖项信息,高企认定或拟认定名单,企业用户基本信息,流动人口注销信息,农业银行,吊销登记信息,<EOP>,法院
政数局,员工总数,自然资源局,土地交易信息(JKGT1),高企认定或拟认定名单,科技局,广发银行,组织机构代码变更信息,纳税信用等级纳税人备案信息,<EOP>,机动车信息表,名址库_门牌地址信息
政数局,注册资金,自然资源局,土地交易信息(JKGT1),科技局,广发银行,高企认定或拟认定名单,厂企信息（网格）,高新技术企业认定信息,组织机构代码变更信息,纳税信用等级纳税人备案信息,违法违章受处罚企业信息
人才办,研发人员数,居住证业务有效表,律师基本信息采集表,幼儿园,组织机构代码变更信息,自然资源局,流动人口注销信息,组织机构代码信息,（市经信）广东省名牌产品,高企认定或拟认定名单,土地交易信息(JKGT1)
工商联,法定代表人,自然资源局,建设项目情况信息(JKJS3),组织机构代码变更信息,广发银行,违法违章受处罚企业信息,高新技术企业认定信息,水费收集信息(包含企业用水信息),社会团体信息(JKMZ2),土地交易信息(JKGT1),镇街7
纪委,组织机构代码,自然资源局,广发银行,违法违章受处罚企业信息,科技局,社会团体信息(JKMZ2),组织机构代码变更信息,律师基本信息采集表,土地交易信息(JKGT1),厂企信息（网格）,道路运输经营信息采集表
法院,证件号,自然资源局,涉及职业危害作业场所,佛山市安置残疾人单位信息(JKCL1),工商联,企业用户基本信息,企业基本信息,企业工法奖项信息,农业银行,幼儿园,公有资产管理信息
人才办,企业名称,自然资源局,高新技术企业认定信息,律师基本信息采集表,居住证业务有效表,土地交易信息(JKGT1),镇街6,厂企信息（网格）,流动人口注销信息,社会团体信息(JKMZ2),广发银行
自然资源局,建设单位,机动车信息表,商品房预售项目信息表,自然资源局,统战部,法院,土地交易信息(JKGT1),出租屋详细信息,个人基本信息,卫健局,<EOP>
行政服务中心,所属区,自然资源局,水费收集信息(包含企业用水信息),广发银行,镇街2,农业农村局,违法违章受处罚企业信息,组织机构代码变更信息,佛山市安置残疾人单位信息(JKCL1),企业工法奖项信息,名址库_门牌地址信息
纪委,投资币种,自然资源局,厂企信息（网格）,土地交易信息(JKGT1),科技局,广发银行,高企认定或拟认定名单,纳税信用等级纳税人备案信息,违法违章受处罚企业信息,统计局,道路运输经营信息采集表
科技局,最后更新时间,自然资源局,厂企信息（网格）,广发银行,单位房屋产权信息表,违法违章受处罚企业信息,危险品仓库数据表,土地交易信息(JKGT1),社会团体信息(JKMZ2),道路运输经营信息采集表,名址库_门牌地址信息
政数局,转让方名称,高企认定或拟认定名单,自然资源局,土地交易信息(JKGT1),名址库_门牌地址信息,科技局,组织机构代码信息,个人基本信息,组织机构代码变更信息,纳税信用等级纳税人备案信息,厂企信息（网格）
法院,身份证明号码,律师基本信息采集表,自然资源局,镇街6,居住证业务有效表,广发银行,镇街2,组织机构代码变更信息,组织机构代码信息,违法违章受处罚企业信息,土地交易信息(JKGT1)
人才办,宗教信仰,佛山市安置残疾人单位信息(JKCL1),公有资产管理信息,农业银行,幼儿园,工商联,居住证业务有效表,企业用户基本信息,涉及职业危害作业场所,企业工法奖项信息,外商实际投资情况
检察院,操作时间,企业用户基本信息,自然资源局,<EOP>,农业银行,企业工法奖项信息,组织机构代码信息,佛山市安置残疾人单位信息(JKCL1),工商联,公有资产管理信息,企业基本信息
纪委,出生日期,企业工法奖项信息,企业用户基本信息,佛山市安置残疾人单位信息(JKCL1),农业银行,农业农村局,公有资产管理信息,涉及职业危害作业场所,单位房屋产权信息表,外商实际投资情况,幼儿园
镇街6,法定代表人,自然资源局,建设项目情况信息(JKJS3),高新技术企业认定信息,广发银行,组织机构代码变更信息,违法违章受处罚企业信息,社会团体信息(JKMZ2),镇街6,律师基本信息采集表,水费收集信息(包含企业用水信息)
气象局,备注,自然资源局,企业用户基本信息,高企认定或拟认定名单,商品房预售项目信息表,企业工法奖项信息,统战部,<EOP>,机动车信息表,法院,名址库_门牌地址信息
法院,所属辖区,自然资源局,违法违章受处罚企业信息,广发银行,镇街2,居住证业务有效表,单位房屋产权信息表,科技局,名址库_门牌地址信息,<EOP>,土地交易信息(JKGT1)
法院,发证日期,律师基本信息采集表,居住证业务有效表,违法违章受处罚企业信息,自然资源局,广发银行,财政直接支付信息(JKCZ2),水费收集信息(包含企业用水信息),组织机构代码信息,镇街2,组织机构代码变更信息
公安,备注,自然资源局,出租屋详细信息,失信被执行人信息（法人或其他组织）,卫健局,工商开业登记信息,高企认定或拟认定名单,单位房屋产权信息表,流动人口表,土地交易信息(JKGT1),危险品仓库数据表
行政服务中心,法定代表人,自然资源局,广发银行,组织机构代码变更信息,建设项目情况信息(JKJS3),违法违章受处罚企业信息,高新技术企业认定信息,水费收集信息(包含企业用水信息),土地交易信息(JKGT1),社会团体信息(JKMZ2),商品房预售项目信息表
金融办,支付金额,土地交易信息(JKGT1),镇街2,高企认定或拟认定名单,自然资源局,出租屋详细信息,房屋建筑工程竣工验收备案信息(JKJS6),科技局,组织机构代码变更信息,居住证业务有效表,组织机构代码信息
检察院,开户名称,自然资源局,土地交易信息(JKGT1),<EOP>,科技局,广发银行,高企认定或拟认定名单,居住证业务有效表,企业基本信息,出租屋详细信息,组织机构代码变更信息
纪委,企业传真,自然资源局,科技局,镇街2,土地交易信息(JKGT1),高企认定或拟认定名单,名址库_门牌地址信息,广发银行,组织机构代码变更信息,公有资产管理信息,吊销登记信息
农商行,住所,企业工法奖项信息,机动车信息表,商品房预售项目信息表,统战部,危险品仓库数据表,单位房屋产权信息表,违法违章受处罚企业信息,农业农村局,社保局,名址库_门牌地址信息
金融办,毕业院校,工商联,佛山市安置残疾人单位信息(JKCL1),企业用户基本信息,幼儿园,土地交易信息(JKGT1),涉及职业危害作业场所,<EOP>,公有资产管理信息,自然资源局,农业银行
公安,车牌类型,居住证业务有效表,农业农村局,国税欠税信息,农业银行,外商实际投资情况,工商开业登记信息,幼儿园,科技局,公有资产管理信息,用电量信息表
公安,宗教信仰,外商实际投资情况,企业工法奖项信息,农业银行,佛山市安置残疾人单位信息(JKCL1),农业农村局,国税欠税信息,公有资产管理信息,危险品仓库数据表,单位房屋产权信息表,名址库_门牌地址信息
法院,类型,自然资源局,组织机构代码信息,居住证业务有效表,律师基本信息采集表,流动人口注销信息,镇街2,土地交易信息(JKGT1),涉及职业危害作业场所,企业基本信息,科技局
行政服务中心,土地面积,自然资源局,高企认定或拟认定名单,名址库_门牌地址信息,组织机构代码信息,镇街2,企业用户基本信息,<EOP>,失信被执行人信息（法人或其他组织）,律师基本信息采集表,流动人口注销信息
金融办,入职日期,工商联,企业用户基本信息,<EOP>,土地交易信息(JKGT1),佛山市安置残疾人单位信息(JKCL1),企业工法奖项信息,公有资产管理信息,镇街2,幼儿园,涉及职业危害作业场所
农商行,有效期,统战部,商品房预售项目信息表,机动车信息表,企业工法奖项信息,危险品仓库数据表,单位房屋产权信息表,违法违章受处罚企业信息,自然资源局,财政直接支付信息(JKCZ2),广发银行
公安,操作类型,自然资源局,厂企信息（网格）,流动人口注销信息,失信被执行人信息（法人或其他组织）,律师基本信息采集表,道路运输经营信息采集表,变更登记信息,暂住证业务表,镇街2,居住证业务有效表
法院,年审日期,居住证业务有效表,农业农村局,律师基本信息采集表,建设项目情况信息(JKJS3),组织机构代码变更信息,外商实际投资情况,违法违章受处罚企业信息,农业银行,（市经信）广东省名牌产品,<EOP>
政数局,备注,自然资源局,商品房预售项目信息表,高企认定或拟认定名单,企业用户基本信息,统战部,企业工法奖项信息,法院,出租屋详细信息,<EOP>,土地交易信息(JKGT1)
检察院,接收日期,自然资源局,<EOP>,企业用户基本信息,企业工法奖项信息,佛山市安置残疾人单位信息(JKCL1),外商实际投资情况,组织机构代码信息,组织机构代码变更信息,统战部,企业基本信息
文广旅体局,行业门类,自然资源局,广发银行,厂企信息（网格）,土地交易信息(JKGT1),科技局,高新技术企业认定信息,违法违章受处罚企业信息,统计局,纳税信用等级纳税人备案信息,出租屋详细信息
纪委,地址,建设项目情况信息(JKJS3),出租屋详细信息,商品房预售项目信息表,机动车信息表,广发银行,镇街2,单位房屋产权信息表,人口基础信息表,社保局,卫健局
公安,地址,出租屋详细信息,卫健局,社保局,建设项目情况信息(JKJS3),镇街2,失信被执行人信息（法人或其他组织）,人口基础信息表,工商开业登记信息,单位房屋产权信息表,法定代表人正式信息表
政数局,填报日期,建设项目情况信息(JKJS3),组织机构代码变更信息,广发银行,镇街7,镇街2,违法违章受处罚企业信息,律师基本信息采集表,水费收集信息(包含企业用水信息),组织机构代码信息,自然资源局
生态环境局,备注,自然资源局,出租屋详细信息,卫健局,失信被执行人信息（法人或其他组织）,单位房屋产权信息表,危险品仓库数据表,流动人口表,商品房预售项目信息表,统战部,法院
法院,企业电子邮箱,自然资源局,科技局,土地交易信息(JKGT1),居住证业务有效表,镇街2,组织机构代码变更信息,组织机构代码信息,律师基本信息采集表,高企认定或拟认定名单,广发银行
公安,更新时间,自然资源局,厂企信息（网格）,失信被执行人信息（法人或其他组织）,律师基本信息采集表,流动人口注销信息,镇街2,变更登记信息,道路运输经营信息采集表,涉及职业危害作业场所,社会团体信息(JKMZ2)
行政服务中心,备注,自然资源局,企业工法奖项信息,商品房预售项目信息表,企业用户基本信息,统战部,<EOP>,流动人口表,广发银行,高企认定或拟认定名单,名址库_门牌地址信息
金融办,投资概算,土地交易信息(JKGT1),自然资源局,高企认定或拟认定名单,镇街2,出租屋详细信息,名址库_门牌地址信息,外国人入境就业信息(JKRS6),<EOP>,个人基本信息,重点建设项目计划信息
公安,组织机构代码,自然资源局,律师基本信息采集表,行政服务中心,高新技术企业认定信息,居住证业务有效表,科技局,土地交易信息(JKGT1),违法违章受处罚企业信息,镇街6,变更登记信息
公安,年检有效期,居住证业务有效表,科技局,违法违章受处罚企业信息,财政直接支付信息(JKCZ2),农业农村局,统战部,名址库_门牌地址信息,危险品仓库数据表,律师基本信息采集表,土地交易信息(JKGT1)
税务局,交易金额,自然资源局,高企认定或拟认定名单,厂企信息（网格）,土地交易信息(JKGT1),出租屋详细信息,科技局,高新技术企业认定信息,统计局,镇街6,道路运输经营信息采集表
行政服务中心,服务项目,自然资源局,广发银行,机动车信息表,商品房预售项目信息表,违法违章受处罚企业信息,统战部,企业工法奖项信息,危险品仓库数据表,单位房屋产权信息表,名址库_门牌地址信息
政数局,序号,自然资源局,广发银行,商品房预售项目信息表,出租屋详细信息,统战部,水费收集信息(包含企业用水信息),组织机构代码变更信息,律师基本信息采集表,土地交易信息(JKGT1),违法违章受处罚企业信息
税务局,路段,出租屋详细信息,单位房屋产权信息表,危险品仓库数据表,广发银行,自然资源局,水费收集信息(包含企业用水信息),卫健局,镇街2,违法违章受处罚企业信息,厂企信息（网格）
税务局,更新时间,自然资源局,厂企信息（网格）,失信被执行人信息（法人或其他组织）,镇街2,流动人口注销信息,道路运输经营信息采集表,组织机构代码变更信息,社会团体信息(JKMZ2),广发银行,出租屋详细信息
检察院,操作类型,自然资源局,企业用户基本信息,流动人口注销信息,涉及职业危害作业场所,<EOP>,广发银行,企业基本信息,组织机构代码信息,厂企信息（网格）,工商联
纪委,证件号码,自然资源局,佛山市安置残疾人单位信息(JKCL1),涉及职业危害作业场所,企业用户基本信息,农业银行,企业工法奖项信息,道路运输经营信息采集表,农业农村局,单位房屋产权信息表,公有资产管理信息
住建水利局,经营地址,广发银行,自然资源局,违法违章受处罚企业信息,建设项目情况信息(JKJS3),组织机构代码变更信息,律师基本信息采集表,镇街6,厂企信息（网格）,出租屋详细信息,社会团体信息(JKMZ2)
行政服务中心,经办人,企业工法奖项信息,佛山市安置残疾人单位信息(JKCL1),农业农村局,外商实际投资情况,农业银行,企业用户基本信息,财政直接支付信息(JKCZ2),统战部,名址库_门牌地址信息,幼儿园
政数局,注册号,自然资源局,厂企信息（网格）,广发银行,社会团体信息(JKMZ2),违法违章受处罚企业信息,高新技术企业认定信息,道路运输经营信息采集表,单位房屋产权信息表,土地交易信息(JKGT1),教育局
城管局,填报日期,建设项目情况信息(JKJS3),组织机构代码变更信息,律师基本信息采集表,镇街7,水费收集信息(包含企业用水信息),违法违章受处罚企业信息,财政直接支付信息(JKCZ2),镇街2,卫健局,农业农村局
金融办,联系人,土地交易信息(JKGT1),自然资源局,镇街2,出租屋详细信息,机动车信息表,单位房屋产权信息表,高企认定或拟认定名单,<EOP>,工商联,科技局
检察院,数据来源,自然资源局,企业用户基本信息,佛山市安置残疾人单位信息(JKCL1),<EOP>,农业银行,组织机构代码信息,企业基本信息,外商实际投资情况,名址库_门牌地址信息,镇街2
检察院,经营年限,自然资源局,土地交易信息(JKGT1),<EOP>,广发银行,科技局,高企认定或拟认定名单,组织机构代码变更信息,企业基本信息,（市经信）广东省名牌产品,纳税信用等级纳税人备案信息
检察院,登记注册类型,自然资源局,建设项目情况信息(JKJS3),组织机构代码变更信息,广发银行,（市经信）广东省名牌产品,水费收集信息(包含企业用水信息),<EOP>,镇街7,企业基本信息,组织机构代码信息
公安,健康状况,外商实际投资情况,佛山市安置残疾人单位信息(JKCL1),单位房屋产权信息表,危险品仓库数据表,社保局,农业银行,人口基础信息表,农业农村局,水费收集信息(包含企业用水信息),违法违章受处罚企业信息
公安,检验有效期,自然资源局,违法违章受处罚企业信息,居住证业务有效表,律师基本信息采集表,财政直接支付信息(JKCZ2),镇街6,科技局,危险品仓库数据表,水费收集信息(包含企业用水信息),土地交易信息(JKGT1)
镇街5,单位性质,幼儿园,佛山市安置残疾人单位信息(JKCL1),建设项目情况信息(JKJS3),外商实际投资情况,组织机构代码变更信息,水费收集信息(包含企业用水信息),（市经信）广东省名牌产品,科技局,企业基本信息,居住证业务有效表
气象局,经营范围,自然资源局,土地交易信息(JKGT1),高企认定或拟认定名单,广发银行,科技局,厂企信息（网格）,纳税信用等级纳税人备案信息,违法违章受处罚企业信息,高新技术企业认定信息,组织机构代码变更信息
镇街5,健康状况,佛山市安置残疾人单位信息(JKCL1),外商实际投资情况,违法违章受处罚企业信息,人口基础信息表,科技局,公有资产管理信息,农业农村局,企业基本信息,单位房屋产权信息表,财政直接支付信息(JKCZ2)
检察院,检验有效期,自然资源局,广发银行,<EOP>,违法违章受处罚企业信息,科技局,土地交易信息(JKGT1),统战部,居住证业务有效表,企业基本信息,商品房预售项目信息表
镇街3,职业,企业工法奖项信息,企业用户基本信息,农业银行,佛山市安置残疾人单位信息(JKCL1),涉及职业危害作业场所,公有资产管理信息,农业农村局,<EOP>,名址库_门牌地址信息,幼儿园
人才办,发证日期,居住证业务有效表,律师基本信息采集表,组织机构代码变更信息,自然资源局,（市经信）广东省名牌产品,违法违章受处罚企业信息,暂住证业务表,镇街6,幼儿园,流动人口注销信息
纪委,职务,佛山市安置残疾人单位信息(JKCL1),企业用户基本信息,涉及职业危害作业场所,企业工法奖项信息,自然资源局,幼儿园,外商实际投资情况,工商联,农业银行,<EOP>
法院,职业,企业用户基本信息,工商联,佛山市安置残疾人单位信息(JKCL1),涉及职业危害作业场所,自然资源局,<EOP>,农业银行,企业基本信息,幼儿园,企业工法奖项信息
公安,手机,单位房屋产权信息表,危险品仓库数据表,吊销登记信息,公有资产管理信息,工商开业登记信息,科技局,自然资源局,居住证业务有效表,房屋建筑工程竣工验收备案信息(JKJS6),城管局
金融办,检查情况,社保局,机动车信息表,土地交易信息(JKGT1),外商实际投资情况,镇街2,违法违章受处罚企业信息,单位房屋产权信息表,名址库_门牌地址信息,镇街6,危险品仓库数据表
金融办,法定代表人,自然资源局,土地交易信息(JKGT1),广发银行,组织机构代码变更信息,高新技术企业认定信息,出租屋详细信息,科技局,<EOP>,镇街2,纳税信用等级纳税人备案信息
法院,注销日期,律师基本信息采集表,自然资源局,居住证业务有效表,组织机构代码变更信息,镇街6,违法违章受处罚企业信息,广发银行,建设工程规划许可证信息JKGH2,镇街2,组织机构代码信息
政数局,宗教信仰,企业工法奖项信息,企业用户基本信息,佛山市安置残疾人单位信息(JKCL1),农业银行,名址库_门牌地址信息,外商实际投资情况,<EOP>,工商联,农业农村局,公有资产管理信息
自然资源局,变更事项,自然资源局,厂企信息（网格）,广发银行,违法违章受处罚企业信息,土地交易信息(JKGT1),机动车信息表,高企认定或拟认定名单,商品房预售项目信息表,名址库_门牌地址信息,<EOP>
法院,组织机构代码,自然资源局,律师基本信息采集表,广发银行,科技局,组织机构代码变更信息,居住证业务有效表,土地交易信息(JKGT1),违法违章受处罚企业信息,社会团体信息(JKMZ2),企业基本信息
金融办,发证日期,土地交易信息(JKGT1),镇街2,自然资源局,<EOP>,工商联,居住证业务有效表,律师基本信息采集表,名址库_门牌地址信息,广发银行,建设工程规划许可证信息JKGH2
检察院,更新时间,自然资源局,企业用户基本信息,涉及职业危害作业场所,<EOP>,工商联,组织机构代码变更信息,流动人口注销信息,组织机构代码信息,流动人口表,镇街2
检察院,操作类型,自然资源局,企业用户基本信息,流动人口注销信息,涉及职业危害作业场所,<EOP>,广发银行,企业基本信息,组织机构代码信息,厂企信息（网格）,工商联
公安,更新时间,自然资源局,厂企信息（网格）,失信被执行人信息（法人或其他组织）,律师基本信息采集表,流动人口注销信息,镇街2,变更登记信息,道路运输经营信息采集表,涉及职业危害作业场所,社会团体信息(JKMZ2)
人才办,操作类型,自然资源局,律师基本信息采集表,居住证业务有效表,流动人口注销信息,涉及职业危害作业场所,幼儿园,镇街2,流动人口表,公有资产管理信息,外国人入境就业信息(JKRS6)
政数局,备注,自然资源局,商品房预售项目信息表,高企认定或拟认定名单,企业用户基本信息,统战部,企业工法奖项信息,法院,出租屋详细信息,<EOP>,土地交易信息(JKGT1)
法院,交易方式,高企认定或拟认定名单,自然资源局,组织机构代码信息,政数局,流动人口注销信息,名址库_门牌地址信息,镇街2,涉及职业危害作业场所,土地交易信息(JKGT1),科技局
纪委,安全生产许可证编号,企业工法奖项信息,违法违章受处罚企业信息,农业农村局,建设项目情况信息(JKJS3),财政直接支付信息(JKCZ2),广发银行,商品房预售项目信息表,镇街6,组织机构代码变更信息,名址库_门牌地址信息
纪委,经办人姓名,企业工法奖项信息,农业农村局,组织机构代码变更信息,镇街2,建设项目情况信息(JKJS3),名址库_门牌地址信息,财政直接支付信息(JKCZ2),科技局,违法违章受处罚企业信息,商品房预售项目信息表
镇街4,创建时间,公有资产管理信息,幼儿园,农业银行,企业工法奖项信息,企业用户基本信息,企业基本信息,自然资源局,涉及职业危害作业场所,名址库_门牌地址信息,镇街2
生态环境局,操作类型,自然资源局,厂企信息（网格）,流动人口注销信息,道路运输经营信息采集表,涉及职业危害作业场所,失信被执行人信息（法人或其他组织）,社会团体信息(JKMZ2),律师基本信息采集表,镇街2,流动人口表
检察院,更新时间,自然资源局,企业用户基本信息,涉及职业危害作业场所,<EOP>,工商联,组织机构代码变更信息,流动人口注销信息,组织机构代码信息,流动人口表,镇街2
检察院,录入人,企业用户基本信息,佛山市安置残疾人单位信息(JKCL1),农业银行,企业工法奖项信息,<EOP>,工商联,外商实际投资情况,自然资源局,公有资产管理信息,名址库_门牌地址信息
公安,证件号,单位房屋产权信息表,危险品仓库数据表,涉及职业危害作业场所,道路运输经营信息采集表,自然资源局,水费收集信息(包含企业用水信息),农业银行,变更登记信息,农业农村局,暂住证业务表
法院,投资总额,自然资源局,土地交易信息(JKGT1),高企认定或拟认定名单,广发银行,高新技术企业认定信息,科技局,厂企信息（网格）,教育局,<EOP>,纳税信用等级纳税人备案信息
公安,登记日期,统战部,居住证业务有效表,水费收集信息(包含企业用水信息),律师基本信息采集表,危险品仓库数据表,自然资源局,农业农村局,商品房预售项目信息表,工商开业登记信息,国税欠税信息
检察院,企业类型,自然资源局,广发银行,土地交易信息(JKGT1),厂企信息（网格）,科技局,<EOP>,企业基本信息,违法违章受处罚企业信息,高新技术企业认定信息,组织机构代码变更信息
检察院,健康状态,自然资源局,<EOP>,佛山市安置残疾人单位信息(JKCL1),企业用户基本信息,企业基本信息,工商联,农业银行,公有资产管理信息,广发银行,外商实际投资情况
人才办,业务介绍,居住证业务有效表,自然资源局,高企认定或拟认定名单,外国人入境就业信息(JKRS6),流动人口注销信息,科技局,土地交易信息(JKGT1),（市经信）广东省名牌产品,重点建设项目计划信息,幼儿园
政数局,档案编号,企业工法奖项信息,自然资源局,农业农村局,名址库_门牌地址信息,违法违章受处罚企业信息,单位房屋产权信息表,危险品仓库数据表,广发银行,企业用户基本信息,财政直接支付信息(JKCZ2)
镇街6,出生日期,佛山市安置残疾人单位信息(JKCL1),企业工法奖项信息,幼儿园,农业银行,农业农村局,企业用户基本信息,涉及职业危害作业场所,公有资产管理信息,外商实际投资情况,自然资源局
行政服务中心,房间号,自然资源局,企业工法奖项信息,农业银行,农业农村局,名址库_门牌地址信息,佛山市安置残疾人单位信息(JKCL1),商品房预售项目信息表,广发银行,企业用户基本信息,（市经信）广东省名牌产品
人社局,主管部门,自然资源局,人口基础信息表,高新技术企业认定信息,外国人入境就业信息(JKRS6),违法违章受处罚企业信息,行政服务中心,居住证业务有效表,土地交易信息(JKGT1),教育局,水费收集信息(包含企业用水信息)
检察院,编码,自然资源局,<EOP>,企业用户基本信息,企业基本信息,土地交易信息(JKGT1),广发银行,公有资产管理信息,组织机构代码信息,工商联,流动人口表
政数局,电话号码,自然资源局,广发银行,单位房屋产权信息表,危险品仓库数据表,土地交易信息(JKGT1),科技局,商品房预售项目信息表,机动车信息表,违法违章受处罚企业信息,统战部
镇街7,人员编号,企业工法奖项信息,幼儿园,企业用户基本信息,农业银行,农业农村局,涉及职业危害作业场所,佛山市安置残疾人单位信息(JKCL1),公有资产管理信息,国税欠税信息,流动人口注销信息
人社局,电话,人口基础信息表,社保局,单位房屋产权信息表,危险品仓库数据表,居住证业务有效表,外国人入境就业信息(JKRS6),工商开业登记信息,城管局,吊销登记信息,自然资源局
人才办,民族,幼儿园,佛山市安置残疾人单位信息(JKCL1),工商联,公有资产管理信息,居住证业务有效表,涉及职业危害作业场所,企业用户基本信息,农业银行,自然资源局,流动人口注销信息
税务局,建设单位,出租屋详细信息,卫健局,失信被执行人信息（法人或其他组织）,镇街6,水费收集信息(包含企业用水信息),建设项目情况信息(JKJS3),厂企信息（网格）,法定代表人正式信息表,工商开业登记信息,个人基本信息
人才办,户籍地址,居住证业务有效表,企业用户基本信息,幼儿园,工商联,涉及职业危害作业场所,佛山市安置残疾人单位信息(JKCL1),农业银行,<EOP>,流动人口表,自然资源局
公安,工本费,镇街6,居住证业务有效表,房屋建筑工程竣工验收备案信息(JKJS6),律师基本信息采集表,科技局,行政服务中心,变更登记信息,财政直接支付信息(JKCZ2),违法违章受处罚企业信息,土地交易信息(JKGT1)
税务局,企业地址,厂企信息（网格）,出租屋详细信息,自然资源局,广发银行,高新技术企业认定信息,失信被执行人信息（法人或其他组织）,道路运输经营信息采集表,水费收集信息(包含企业用水信息),违法违章受处罚企业信息,社会团体信息(JKMZ2)
农商行,经营场所,机动车信息表,商品房预售项目信息表,统战部,违法违章受处罚企业信息,企业工法奖项信息,危险品仓库数据表,自然资源局,单位房屋产权信息表,广发银行,厂企信息（网格）
政数局,管理级别,自然资源局,组织机构代码变更信息,律师基本信息采集表,广发银行,土地交易信息(JKGT1),组织机构代码信息,名址库_门牌地址信息,科技局,高企认定或拟认定名单,镇街2
金融办,更新时间,自然资源局,镇街2,土地交易信息(JKGT1),工商联,流动人口注销信息,涉及职业危害作业场所,企业用户基本信息,组织机构代码信息,组织机构代码变更信息,<EOP>
行政服务中心,合同签订日期,企业工法奖项信息,企业用户基本信息,统战部,法院,名址库_门牌地址信息,<EOP>,商品房预售项目信息表,农业农村局,农业银行,组织机构代码信息
税务局,电话号码,自然资源局,广发银行,单位房屋产权信息表,危险品仓库数据表,土地交易信息(JKGT1),厂企信息（网格）,出租屋详细信息,高新技术企业认定信息,科技局,违法违章受处罚企业信息
纪委,更新时间,自然资源局,企业用户基本信息,企业工法奖项信息,组织机构代码变更信息,流动人口表,流动人口注销信息,涉及职业危害作业场所,镇街2,名址库_门牌地址信息,组织机构代码信息
行政服务中心,法定代表人或负责人,建设项目情况信息(JKJS3),广发银行,自然资源局,组织机构代码变更信息,违法违章受处罚企业信息,水费收集信息(包含企业用水信息),商品房预售项目信息表,统战部,财政直接支付信息(JKCZ2),律师基本信息采集表
行政服务中心,单位地址,企业工法奖项信息,佛山市安置残疾人单位信息(JKCL1),自然资源局,企业用户基本信息,水费收集信息(包含企业用水信息),商品房预售项目信息表,广发银行,统战部,农业农村局,外商实际投资情况
教育局,户籍地址,企业用户基本信息,企业工法奖项信息,农业银行,农业农村局,公有资产管理信息,名址库_门牌地址信息,危险品仓库数据表,<EOP>,单位房屋产权信息表,镇街2
税务局,操作类型,自然资源局,厂企信息（网格）,道路运输经营信息采集表,社会团体信息(JKMZ2),失信被执行人信息（法人或其他组织）,律师基本信息采集表,广发银行,流动人口注销信息,出租屋详细信息,镇街2
金融办,备注,自然资源局,土地交易信息(JKGT1),出租屋详细信息,<EOP>,高企认定或拟认定名单,工商联,镇街2,单位房屋产权信息表,名址库_门牌地址信息,科技局
公安,立案时间,镇街6,卫健局,吊销登记信息,工商开业登记信息,个人基本信息,社保局,居住证业务有效表,高企认定或拟认定名单,内资企业设立登记公告数据,法定代表人正式信息表
金融办,操作类型,自然资源局,镇街2,土地交易信息(JKGT1),工商联,流动人口注销信息,高企认定或拟认定名单,组织机构代码信息,道路运输经营信息采集表,名址库_门牌地址信息,涉及职业危害作业场所
公安,房号,高企认定或拟认定名单,内资企业设立登记公告数据,卫健局,名址库_门牌地址信息,法定代表人正式信息表,农业农村局,国税欠税信息,外国人入境就业信息(JKRS6),工商开业登记信息,外商实际投资情况
发改局,幢数,名址库_门牌地址信息,内资企业设立登记公告数据,法院,法定代表人正式信息表,卫健局,组织机构代码信息,外商实际投资情况,建设项目情况信息(JKJS3),农业农村局,高企认定或拟认定名单
消防大队,经营年限,自然资源局,机动车信息表,土地交易信息(JKGT1),企业用户基本信息,统战部,商品房预售项目信息表,高企认定或拟认定名单,<EOP>,组织机构代码变更信息,广发银行
公安,建筑面积,卫健局,失信被执行人信息（法人或其他组织）,法定代表人正式信息表,内资企业设立登记公告数据,外国人入境就业信息(JKRS6),残疾人管理,名址库_门牌地址信息,高企认定或拟认定名单,个人基本信息,重点建设项目计划信息
金融办,办证日期,土地交易信息(JKGT1),镇街2,名址库_门牌地址信息,居住证业务有效表,<EOP>,高企认定或拟认定名单,建设工程规划许可证信息JKGH2,组织机构代码变更信息,工商联,自然资源局
农商行,执行案号,机动车信息表,统战部,商品房预售项目信息表,企业工法奖项信息,违法违章受处罚企业信息,农业农村局,危险品仓库数据表,财政直接支付信息(JKCZ2),企业用户基本信息,单位房屋产权信息表
气象局,状况,自然资源局,企业用户基本信息,企业工法奖项信息,<EOP>,佛山市安置残疾人单位信息(JKCL1),机动车信息表,名址库_门牌地址信息,农业银行,人社局,公有资产管理信息
税务局,附件名称,卫健局,失信被执行人信息（法人或其他组织）,出租屋详细信息,建设项目情况信息(JKJS3),法院,工商开业登记信息,厂企信息（网格）,水费收集信息(包含企业用水信息),外国人入境就业信息(JKRS6),镇街7
人才办,居住地址,居住证业务有效表,佛山市安置残疾人单位信息(JKCL1),自然资源局,工商联,企业用户基本信息,幼儿园,涉及职业危害作业场所,农业银行,公有资产管理信息,<EOP>
政数局,省份,自然资源局,科技局,组织机构代码变更信息,土地交易信息(JKGT1),广发银行,高企认定或拟认定名单,镇街2,组织机构代码信息,名址库_门牌地址信息,律师基本信息采集表
检察院,建立时间,自然资源局,企业用户基本信息,<EOP>,佛山市安置残疾人单位信息(JKCL1),企业基本信息,工商联,农业银行,公有资产管理信息,组织机构代码信息,企业工法奖项信息
人才办,流水号,居住证业务有效表,幼儿园,律师基本信息采集表,涉及职业危害作业场所,流动人口注销信息,公有资产管理信息,自然资源局,流动人口表,佛山市安置残疾人单位信息(JKCL1),科技局
政数局,区,建设项目情况信息(JKJS3),名址库_门牌地址信息,卫健局,广发银行,镇街2,出租屋详细信息,自然资源局,镇街7,法院,组织机构代码变更信息
公安,履行方式,镇街6,工商开业登记信息,个人基本信息,法定代表人正式信息表,内资企业设立登记公告数据,卫健局,房屋建筑工程竣工验收备案信息(JKJS6),社保局,高企认定或拟认定名单,城管局
检察院,操作类型,自然资源局,企业用户基本信息,流动人口注销信息,涉及职业危害作业场所,<EOP>,广发银行,企业基本信息,组织机构代码信息,厂企信息（网格）,工商联
纪委,建设规模,失信被执行人信息（法人或其他组织）,出租屋详细信息,卫健局,自然资源局,法院,名址库_门牌地址信息,厂企信息（网格）,广发银行,高企认定或拟认定名单,组织机构代码信息
行政服务中心,出生日期,企业工法奖项信息,佛山市安置残疾人单位信息(JKCL1),企业用户基本信息,农业银行,自然资源局,农业农村局,涉及职业危害作业场所,幼儿园,外商实际投资情况,<EOP>
纪委,区域,自然资源局,广发银行,出租屋详细信息,违法违章受处罚企业信息,名址库_门牌地址信息,法院,卫健局,厂企信息（网格）,单位房屋产权信息表,商品房预售项目信息表
城管局,主管部门,自然资源局,违法违章受处罚企业信息,土地交易信息(JKGT1),广发银行,科技局,财政直接支付信息(JKCZ2),机动车信息表,教育局,纳税信用等级纳税人备案信息,居住证业务有效表
纪委,变更前,厂企信息（网格）,自然资源局,广发银行,违法违章受处罚企业信息,出租屋详细信息,社会团体信息(JKMZ2),道路运输经营信息采集表,高新技术企业认定信息,纳税信用等级纳税人备案信息,名址库_门牌地址信息
法院,备注,自然资源局,流动人口表,高企认定或拟认定名单,<EOP>,土地交易信息(JKGT1),律师基本信息采集表,企业用户基本信息,企业基本信息,涉及职业危害作业场所,出租屋详细信息
税务局,备注,自然资源局,出租屋详细信息,厂企信息（网格）,失信被执行人信息（法人或其他组织）,广发银行,卫健局,土地交易信息(JKGT1),单位房屋产权信息表,危险品仓库数据表,流动人口表
纪委,排量,企业工法奖项信息,企业用户基本信息,自然资源局,公有资产管理信息,农业银行,名址库_门牌地址信息,科技局,组织机构代码变更信息,流动人口表,<EOP>
住建水利局,备注,自然资源局,广发银行,出租屋详细信息,流动人口表,组织机构代码变更信息,律师基本信息采集表,高企认定或拟认定名单,企业基本信息,房屋建筑工程竣工验收备案信息(JKJS6),土地交易信息(JKGT1)
农商行,纳税人名称,建设项目情况信息(JKJS3),统战部,商品房预售项目信息表,组织机构代码变更信息,企业工法奖项信息,镇街7,房屋建筑工程竣工验收备案信息(JKJS6),机动车信息表,镇街2,违法违章受处罚企业信息
纪委,附件名称,卫健局,失信被执行人信息（法人或其他组织）,法院,企业工法奖项信息,出租屋详细信息,流动人口表,建设项目情况信息(JKJS3),工商开业登记信息,自然资源局,组织机构代码信息
法院,姓名,佛山市安置残疾人单位信息(JKCL1),企业用户基本信息,涉及职业危害作业场所,工商联,自然资源局,幼儿园,企业基本信息,<EOP>,企业工法奖项信息,农业银行
镇街6,移动电话,自然资源局,财政直接支付信息(JKCZ2),居住证业务有效表,企业工法奖项信息,公有资产管理信息,科技局,镇街6,违法违章受处罚企业信息,律师基本信息采集表,吊销登记信息
行政服务中心,区,建设项目情况信息(JKJS3),自然资源局,广发银行,农业农村局,外商实际投资情况,名址库_门牌地址信息,水费收集信息(包含企业用水信息),卫健局,商品房预售项目信息表,违法违章受处罚企业信息
纪委,许可证名称,建设项目情况信息(JKJS3),违法违章受处罚企业信息,广发银行,镇街2,镇街6,出租屋详细信息,组织机构代码变更信息,镇街7,变更登记信息,社保局
政数局,护照号码,企业工法奖项信息,企业用户基本信息,佛山市安置残疾人单位信息(JKCL1),自然资源局,农业银行,农业农村局,涉及职业危害作业场所,<EOP>,公有资产管理信息,幼儿园
人才办,政治面貌,佛山市安置残疾人单位信息(JKCL1),幼儿园,涉及职业危害作业场所,公有资产管理信息,农业银行,工商联,居住证业务有效表,企业用户基本信息,企业工法奖项信息,国税欠税信息
自然资源局,作废日期,企业工法奖项信息,统战部,商品房预售项目信息表,企业用户基本信息,机动车信息表,<EOP>,组织机构代码变更信息,镇街2,名址库_门牌地址信息,农业农村局
纪委,发布时间,企业工法奖项信息,企业用户基本信息,公有资产管理信息,农业银行,自然资源局,机动车信息表,农业农村局,商品房预售项目信息表,吊销登记信息,名址库_门牌地址信息
金融办,建筑面积,土地交易信息(JKGT1),高企认定或拟认定名单,名址库_门牌地址信息,镇街2,失信被执行人信息（法人或其他组织）,卫健局,内资企业设立登记公告数据,外国人入境就业信息(JKRS6),个人基本信息,出租屋详细信息
自然资源局,组织机构代码,自然资源局,广发银行,土地交易信息(JKGT1),企业用户基本信息,统战部,高企认定或拟认定名单,商品房预售项目信息表,机动车信息表,厂企信息（网格）,<EOP>
法院,房号,名址库_门牌地址信息,组织机构代码信息,镇街2,农业银行,居住证业务有效表,高企认定或拟认定名单,农业农村局,外商实际投资情况,佛山市安置残疾人单位信息(JKCL1),自然资源局
法院,民族,企业用户基本信息,佛山市安置残疾人单位信息(JKCL1),工商联,自然资源局,企业基本信息,涉及职业危害作业场所,公有资产管理信息,农业银行,<EOP>,企业工法奖项信息
政数局,年检期限,自然资源局,违法违章受处罚企业信息,广发银行,科技局,组织机构代码变更信息,居住证业务有效表,财政直接支付信息(JKCZ2),土地交易信息(JKGT1),镇街2,名址库_门牌地址信息
金融办,有效期,土地交易信息(JKGT1),自然资源局,镇街2,<EOP>,广发银行,出租屋详细信息,科技局,居住证业务有效表,工商联,组织机构代码变更信息
镇街1,职业,佛山市安置残疾人单位信息(JKCL1),危险品仓库数据表,单位房屋产权信息表,企业工法奖项信息,外商实际投资情况,企业用户基本信息,暂住证业务表,农业银行,水费收集信息(包含企业用水信息),国税欠税信息
纪委,注销日期,违法违章受处罚企业信息,律师基本信息采集表,广发银行,组织机构代码变更信息,自然资源局,财政直接支付信息(JKCZ2),镇街6,建设工程规划许可证信息JKGH2,名址库_门牌地址信息,科技局
税务局,注销日期,律师基本信息采集表,厂企信息（网格）,镇街6,出租屋详细信息,违法违章受处罚企业信息,广发银行,自然资源局,组织机构代码变更信息,建设工程规划许可证信息JKGH2,水费收集信息(包含企业用水信息)
纪委,备注,自然资源局,商品房预售项目信息表,企业工法奖项信息,企业用户基本信息,流动人口表,法院,出租屋详细信息,统战部,高企认定或拟认定名单,广发银行
金融办,经营范围,自然资源局,土地交易信息(JKGT1),科技局,高新技术企业认定信息,高企认定或拟认定名单,广发银行,厂企信息（网格）,出租屋详细信息,纳税信用等级纳税人备案信息,镇街2
纪委,幢数,名址库_门牌地址信息,法院,法定代表人正式信息表,卫健局,内资企业设立登记公告数据,建设项目情况信息(JKJS3),组织机构代码信息,外商实际投资情况,高企认定或拟认定名单,失信被执行人信息（法人或其他组织）
检察院,地址,自然资源局,建设项目情况信息(JKJS3),广发银行,出租屋详细信息,商品房预售项目信息表,<EOP>,统战部,机动车信息表,镇街2,企业基本信息
金融办,更新时间,自然资源局,镇街2,土地交易信息(JKGT1),工商联,流动人口注销信息,涉及职业危害作业场所,企业用户基本信息,组织机构代码信息,组织机构代码变更信息,<EOP>
统战部,成立日期,自然资源局,高新技术企业认定信息,广发银行,社会团体信息(JKMZ2),建设项目情况信息(JKJS3),违法违章受处罚企业信息,人口基础信息表,土地交易信息(JKGT1),水费收集信息(包含企业用水信息),科技局
气象局,区域,自然资源局,机动车信息表,名址库_门牌地址信息,商品房预售项目信息表,<EOP>,企业用户基本信息,企业工法奖项信息,法院,广发银行,统战部
宣传部,法定代表人,建设项目情况信息(JKJS3),自然资源局,高新技术企业认定信息,居住证业务有效表,违法违章受处罚企业信息,（市经信）广东省名牌产品,组织机构代码变更信息,水费收集信息(包含企业用水信息),律师基本信息采集表,科技局
金融办,项目编号,土地交易信息(JKGT1),名址库_门牌地址信息,镇街2,外国人入境就业信息(JKRS6),流动人口注销信息,高企认定或拟认定名单,自然资源局,组织机构代码信息,失信被执行人信息（法人或其他组织）,内资企业设立登记公告数据
发改局,出生日期,企业工法奖项信息,企业用户基本信息,佛山市安置残疾人单位信息(JKCL1),农业银行,农业农村局,公有资产管理信息,幼儿园,涉及职业危害作业场所,外商实际投资情况,工商联
镇街3,车牌号码,企业工法奖项信息,农业银行,农业农村局,危险品仓库数据表,单位房屋产权信息表,企业用户基本信息,公有资产管理信息,商品房预售项目信息表,统战部,机动车信息表
法院,回执编号,企业工法奖项信息,农业农村局,农业银行,幼儿园,佛山市安置残疾人单位信息(JKCL1),外商实际投资情况,涉及职业危害作业场所,居住证业务有效表,公有资产管理信息,名址库_门牌地址信息
法院,所属区域,自然资源局,广发银行,镇街2,出租屋详细信息,组织机构代码变更信息,土地交易信息(JKGT1),组织机构代码信息,建设项目情况信息(JKJS3),镇街6,违法违章受处罚企业信息
法院,欠税税种,组织机构代码变更信息,建设项目情况信息(JKJS3),组织机构代码信息,律师基本信息采集表,镇街2,镇街7,自然资源局,居住证业务有效表,科技局,镇街6
法院,车牌类型,居住证业务有效表,农业银行,佛山市安置残疾人单位信息(JKCL1),农业农村局,幼儿园,外商实际投资情况,企业工法奖项信息,公有资产管理信息,工商联,组织机构代码信息
人才办,职位,居住证业务有效表,幼儿园,涉及职业危害作业场所,自然资源局,流动人口注销信息,工商联,佛山市安置残疾人单位信息(JKCL1),公有资产管理信息,律师基本信息采集表,流动人口表
人才办,数据来源,居住证业务有效表,幼儿园,公有资产管理信息,（市经信）广东省名牌产品,农业银行,流动人口注销信息,组织机构代码信息,外国人入境就业信息(JKRS6),佛山市安置残疾人单位信息(JKCL1),科技局
金融办,负责人,土地交易信息(JKGT1),自然资源局,机动车信息表,出租屋详细信息,高企认定或拟认定名单,镇街2,科技局,<EOP>,个人基本信息,工商联
人才办,入住日期,居住证业务有效表,农业银行,公有资产管理信息,幼儿园,佛山市安置残疾人单位信息(JKCL1),自然资源局,企业用户基本信息,企业工法奖项信息,工商联,涉及职业危害作业场所
纪委,入住日期,企业工法奖项信息,企业用户基本信息,农业银行,名址库_门牌地址信息,农业农村局,公有资产管理信息,佛山市安置残疾人单位信息(JKCL1),商品房预售项目信息表,单位房屋产权信息表,危险品仓库数据表
政数局,提交时间,企业工法奖项信息,名址库_门牌地址信息,组织机构代码信息,高企认定或拟认定名单,法院,企业用户基本信息,内资企业设立登记公告数据,卫健局,自然资源局,农业银行
法院,备注,自然资源局,流动人口表,高企认定或拟认定名单,<EOP>,土地交易信息(JKGT1),律师基本信息采集表,企业用户基本信息,企业基本信息,涉及职业危害作业场所,出租屋详细信息
税务局,附件名称,卫健局,失信被执行人信息（法人或其他组织）,出租屋详细信息,建设项目情况信息(JKJS3),法院,工商开业登记信息,厂企信息（网格）,水费收集信息(包含企业用水信息),外国人入境就业信息(JKRS6),镇街7
金融办,地址,土地交易信息(JKGT1),镇街2,出租屋详细信息,自然资源局,机动车信息表,广发银行,单位房屋产权信息表,<EOP>,名址库_门牌地址信息,城管局
税务局,更新时间,自然资源局,厂企信息（网格）,失信被执行人信息（法人或其他组织）,镇街2,流动人口注销信息,道路运输经营信息采集表,组织机构代码变更信息,社会团体信息(JKMZ2),广发银行,出租屋详细信息
法院,受理单位,自然资源局,广发银行,违法违章受处罚企业信息,镇街2,居住证业务有效表,科技局,土地交易信息(JKGT1),组织机构代码变更信息,建设项目情况信息(JKJS3),组织机构代码信息
行政服务中心,负责人,自然资源局,广发银行,机动车信息表,违法违章受处罚企业信息,危险品仓库数据表,单位房屋产权信息表,人口基础信息表,商品房预售项目信息表,财政直接支付信息(JKCZ2),土地交易信息(JKGT1)
行政服务中心,产权证号,自然资源局,名址库_门牌地址信息,高企认定或拟认定名单,广发银行,厂企信息（网格）,违法违章受处罚企业信息,律师基本信息采集表,商品房预售项目信息表,<EOP>,农业农村局
行政服务中心,登记注册类型,建设项目情况信息(JKJS3),自然资源局,广发银行,组织机构代码变更信息,违法违章受处罚企业信息,水费收集信息(包含企业用水信息),财政直接支付信息(JKCZ2),镇街7,律师基本信息采集表,（市经信）广东省名牌产品
政数局,职务,自然资源局,企业用户基本信息,佛山市安置残疾人单位信息(JKCL1),涉及职业危害作业场所,<EOP>,工商联,名址库_门牌地址信息,企业工法奖项信息,高企认定或拟认定名单,组织机构代码变更信息
行政服务中心,街路巷,企业工法奖项信息,自然资源局,农业农村局,统战部,名址库_门牌地址信息,商品房预售项目信息表,企业用户基本信息,机动车信息表,违法违章受处罚企业信息,危险品仓库数据表
发改局,评定日期,建设项目情况信息(JKJS3),组织机构代码变更信息,违法违章受处罚企业信息,农业农村局,财政直接支付信息(JKCZ2),镇街7,镇街2,镇街6,企业工法奖项信息,外商实际投资情况
政数局,投资者名称,自然资源局,厂企信息（网格）,广发银行,出租屋详细信息,组织机构代码变更信息,违法违章受处罚企业信息,土地交易信息(JKGT1),高企认定或拟认定名单,道路运输经营信息采集表,建设项目情况信息(JKJS3)
纪委,发明名称,失信被执行人信息（法人或其他组织）,自然资源局,高企认定或拟认定名单,个人基本信息,出租屋详细信息,卫健局,名址库_门牌地址信息,法院,厂企信息（网格）,广发银行
检察院,备注,自然资源局,<EOP>,企业用户基本信息,高企认定或拟认定名单,土地交易信息(JKGT1),企业基本信息,统战部,广发银行,流动人口表,商品房预售项目信息表
金融办,证件类型,工商联,涉及职业危害作业场所,土地交易信息(JKGT1),企业用户基本信息,佛山市安置残疾人单位信息(JKCL1),自然资源局,镇街2,<EOP>,幼儿园,公有资产管理信息
公安,注册地址,厂企信息（网格）,自然资源局,高新技术企业认定信息,道路运输经营信息采集表,违法违章受处罚企业信息,变更登记信息,社会团体信息(JKMZ2),出租屋详细信息,土地交易信息(JKGT1),广发银行
税务局,用户编号,自然资源局,镇街2,出租屋详细信息,厂企信息（网格）,广发银行,道路运输经营信息采集表,土地交易信息(JKGT1),单位房屋产权信息表,房屋建筑工程竣工验收备案信息(JKJS6),组织机构代码变更信息
行政服务中心,房号,名址库_门牌地址信息,企业工法奖项信息,农业农村局,自然资源局,农业银行,佛山市安置残疾人单位信息(JKCL1),商品房预售项目信息表,统战部,高企认定或拟认定名单,法院
检察院,管径,企业用户基本信息,<EOP>,企业工法奖项信息,组织机构代码信息,农业银行,自然资源局,工商联,外商实际投资情况,佛山市安置残疾人单位信息(JKCL1),名址库_门牌地址信息
政数局,所属区,自然资源局,广发银行,镇街2,组织机构代码变更信息,违法违章受处罚企业信息,水费收集信息(包含企业用水信息),土地交易信息(JKGT1),科技局,名址库_门牌地址信息,建设项目情况信息(JKJS3)
税务局,项目名称,卫健局,失信被执行人信息（法人或其他组织）,法定代表人正式信息表,出租屋详细信息,外国人入境就业信息(JKRS6),内资企业设立登记公告数据,法院,名址库_门牌地址信息,厂企信息（网格）,社保局
公安,更新时间,自然资源局,厂企信息（网格）,失信被执行人信息（法人或其他组织）,律师基本信息采集表,流动人口注销信息,镇街2,变更登记信息,道路运输经营信息采集表,涉及职业危害作业场所,社会团体信息(JKMZ2)
行政服务中心,民族,企业用户基本信息,企业工法奖项信息,佛山市安置残疾人单位信息(JKCL1),自然资源局,农业银行,<EOP>,工商联,涉及职业危害作业场所,公有资产管理信息,企业基本信息
政数局,法定代表人,自然资源局,组织机构代码变更信息,广发银行,建设项目情况信息(JKJS3),高新技术企业认定信息,违法违章受处罚企业信息,土地交易信息(JKGT1),出租屋详细信息,厂企信息（网格）,社会团体信息(JKMZ2)
法院,发证日期,律师基本信息采集表,居住证业务有效表,违法违章受处罚企业信息,自然资源局,广发银行,财政直接支付信息(JKCZ2),水费收集信息(包含企业用水信息),组织机构代码信息,镇街2,组织机构代码变更信息
农业银行,状态,自然资源局,高新技术企业认定信息,广发银行,厂企信息（网格）,土地交易信息(JKGT1),违法违章受处罚企业信息,社会团体信息(JKMZ2),律师基本信息采集表,出租屋详细信息,科技局
公安,个人编号,外商实际投资情况,国税欠税信息,水费收集信息(包含企业用水信息),幼儿园,农业农村局,暂住证业务表,居住证业务有效表,农业银行,涉及职业危害作业场所,佛山市安置残疾人单位信息(JKCL1)
纪委,发证日期,违法违章受处罚企业信息,广发银行,律师基本信息采集表,水费收集信息(包含企业用水信息),财政直接支付信息(JKCZ2),自然资源局,农业农村局,社会团体信息(JKMZ2),名址库_门牌地址信息,建设项目情况信息(JKJS3)
法院,更新时间,自然资源局,组织机构代码变更信息,涉及职业危害作业场所,流动人口注销信息,镇街2,组织机构代码信息,企业用户基本信息,律师基本信息采集表,流动人口表,工商联
金融办,流水号,土地交易信息(JKGT1),镇街2,工商联,自然资源局,居住证业务有效表,科技局,<EOP>,公有资产管理信息,涉及职业危害作业场所,高企认定或拟认定名单
生态环境局,经营期限,自然资源局,厂企信息（网格）,广发银行,高新技术企业认定信息,土地交易信息(JKGT1),社会团体信息(JKMZ2),违法违章受处罚企业信息,纳税信用等级纳税人备案信息,科技局,道路运输经营信息采集表
法院,地号,组织机构代码信息,镇街2,名址库_门牌地址信息,高企认定或拟认定名单,外商实际投资情况,政数局,工商联,建设工程规划许可证信息JKGH2,流动人口注销信息,涉及职业危害作业场所
住建水利局,营业执照注册号,自然资源局,广发银行,组织机构代码变更信息,高新技术企业认定信息,建设项目情况信息(JKJS3),违法违章受处罚企业信息,社会团体信息(JKMZ2),律师基本信息采集表,出租屋详细信息,厂企信息（网格）
生态环境局,投资币种,自然资源局,厂企信息（网格）,土地交易信息(JKGT1),科技局,纳税信用等级纳税人备案信息,高新技术企业认定信息,广发银行,高企认定或拟认定名单,违法违章受处罚企业信息,统计局
纪委,处罚决定书编号,农业农村局,企业工法奖项信息,组织机构代码变更信息,违法违章受处罚企业信息,镇街2,广发银行,科技局,名址库_门牌地址信息,财政直接支付信息(JKCZ2),自然资源局
纪委,统一社会信用代码,广发银行,自然资源局,出租屋详细信息,社会团体信息(JKMZ2),建设项目情况信息(JKJS3),高新技术企业认定信息,违法违章受处罚企业信息,组织机构代码变更信息,律师基本信息采集表,水费收集信息(包含企业用水信息)
社保局,公民身份号码,企业用户基本信息,企业工法奖项信息,自然资源局,<EOP>,佛山市安置残疾人单位信息(JKCL1),农业银行,工商联,统战部,涉及职业危害作业场所,商品房预售项目信息表
金融办,更新时间,自然资源局,镇街2,土地交易信息(JKGT1),工商联,流动人口注销信息,涉及职业危害作业场所,企业用户基本信息,组织机构代码信息,组织机构代码变更信息,<EOP>
税务局,操作类型,自然资源局,厂企信息（网格）,道路运输经营信息采集表,社会团体信息(JKMZ2),失信被执行人信息（法人或其他组织）,律师基本信息采集表,广发银行,流动人口注销信息,出租屋详细信息,镇街2
纪委,名称,自然资源局,机动车信息表,单位房屋产权信息表,危险品仓库数据表,广发银行,商品房预售项目信息表,企业工法奖项信息,名址库_门牌地址信息,吊销登记信息,违法违章受处罚企业信息
政数局,回执编号,企业工法奖项信息,农业农村局,农业银行,名址库_门牌地址信息,企业用户基本信息,佛山市安置残疾人单位信息(JKCL1),幼儿园,涉及职业危害作业场所,外商实际投资情况,公有资产管理信息
检察院,电子邮箱,自然资源局,<EOP>,企业用户基本信息,企业基本信息,佛山市安置残疾人单位信息(JKCL1),土地交易信息(JKGT1),公有资产管理信息,广发银行,工商联,涉及职业危害作业场所
人才办,联系人,自然资源局,居住证业务有效表,土地交易信息(JKGT1),高企认定或拟认定名单,律师基本信息采集表,公有资产管理信息,流动人口注销信息,科技局,吊销登记信息,工商开业登记信息
检察院,邮编,自然资源局,<EOP>,企业基本信息,土地交易信息(JKGT1),企业用户基本信息,佛山市安置残疾人单位信息(JKCL1),广发银行,公有资产管理信息,（市经信）广东省名牌产品,科技局
金融办,员工总数,土地交易信息(JKGT1),自然资源局,高企认定或拟认定名单,工商联,<EOP>,镇街2,科技局,居住证业务有效表,行政服务中心,公有资产管理信息
公安,注册号,自然资源局,厂企信息（网格）,高新技术企业认定信息,社会团体信息(JKMZ2),违法违章受处罚企业信息,道路运输经营信息采集表,变更登记信息,单位房屋产权信息表,广发银行,暂住证业务表
金融办,发证日期,土地交易信息(JKGT1),镇街2,自然资源局,<EOP>,工商联,居住证业务有效表,律师基本信息采集表,名址库_门牌地址信息,广发银行,建设工程规划许可证信息JKGH2
自然资源局,法定代表人,自然资源局,广发银行,组织机构代码变更信息,土地交易信息(JKGT1),商品房预售项目信息表,厂企信息（网格）,违法违章受处罚企业信息,统战部,出租屋详细信息,机动车信息表
政数局,权属性质,自然资源局,高企认定或拟认定名单,名址库_门牌地址信息,企业用户基本信息,土地交易信息(JKGT1),<EOP>,科技局,组织机构代码变更信息,组织机构代码信息,厂企信息（网格）
检察院,营业执照有效期,自然资源局,广发银行,<EOP>,违法违章受处罚企业信息,组织机构代码变更信息,土地交易信息(JKGT1),组织机构代码信息,水费收集信息(包含企业用水信息),居住证业务有效表,建设项目情况信息(JKJS3)
行政服务中心,资金来源,自然资源局,高企认定或拟认定名单,科技局,土地交易信息(JKGT1),<EOP>,名址库_门牌地址信息,佛山市安置残疾人单位信息(JKCL1),企业用户基本信息,广发银行,纳税信用等级纳税人备案信息
行政服务中心,填表人,企业工法奖项信息,企业用户基本信息,佛山市安置残疾人单位信息(JKCL1),农业银行,<EOP>,农业农村局,自然资源局,涉及职业危害作业场所,统战部,商品房预售项目信息表
镇街3,最后更新时间,自然资源局,厂企信息（网格）,单位房屋产权信息表,危险品仓库数据表,违法违章受处罚企业信息,广发银行,机动车信息表,吊销登记信息,道路运输经营信息采集表,社会团体信息(JKMZ2)
政数局,更新时间,自然资源局,企业用户基本信息,组织机构代码变更信息,企业工法奖项信息,涉及职业危害作业场所,流动人口注销信息,镇街2,组织机构代码信息,名址库_门牌地址信息,流动人口表
工商联,注册资本,自然资源局,土地交易信息(JKGT1),广发银行,高新技术企业认定信息,厂企信息（网格）,科技局,高企认定或拟认定名单,违法违章受处罚企业信息,纳税信用等级纳税人备案信息,组织机构代码变更信息
纪委,企业电子邮箱,自然资源局,科技局,广发银行,土地交易信息(JKGT1),违法违章受处罚企业信息,单位房屋产权信息表,吊销登记信息,机动车信息表,危险品仓库数据表,道路运输经营信息采集表
人才办,职业,幼儿园,涉及职业危害作业场所,居住证业务有效表,佛山市安置残疾人单位信息(JKCL1),工商联,自然资源局,企业用户基本信息,流动人口注销信息,公有资产管理信息,农业银行
发改局,统一社会信用代码,律师基本信息采集表,出租屋详细信息,广发银行,房屋建筑工程竣工验收备案信息(JKJS6),建设项目情况信息(JKJS3),组织机构代码变更信息,社会团体信息(JKMZ2),自然资源局,镇街6,违法违章受处罚企业信息
住建水利局,商标,自然资源局,广发银行,违法违章受处罚企业信息,高新技术企业认定信息,厂企信息（网格）,社会团体信息(JKMZ2),科技局,土地交易信息(JKGT1),镇街6,纳税信用等级纳税人备案信息
政数局,施工许可证号,高企认定或拟认定名单,名址库_门牌地址信息,内资企业设立登记公告数据,法院,卫健局,组织机构代码信息,失信被执行人信息（法人或其他组织）,土地交易信息(JKGT1),法定代表人正式信息表,个人基本信息
纪委,所属辖区,违法违章受处罚企业信息,单位房屋产权信息表,危险品仓库数据表,机动车信息表,自然资源局,广发银行,企业工法奖项信息,商品房预售项目信息表,财政直接支付信息(JKCZ2),农业农村局
镇街6,经营年限,自然资源局,广发银行,科技局,土地交易信息(JKGT1),违法违章受处罚企业信息,高新技术企业认定信息,组织机构代码变更信息,高企认定或拟认定名单,居住证业务有效表,纳税信用等级纳税人备案信息
公安,结构层数,失信被执行人信息（法人或其他组织）,卫健局,内资企业设立登记公告数据,外国人入境就业信息(JKRS6),法定代表人正式信息表,政数局,名址库_门牌地址信息,个人基本信息,残疾人管理,流动人口注销信息
纪委,地区,自然资源局,机动车信息表,单位房屋产权信息表,危险品仓库数据表,广发银行,企业工法奖项信息,违法违章受处罚企业信息,商品房预售项目信息表,名址库_门牌地址信息,吊销登记信息
税务局,承建单位,出租屋详细信息,卫健局,镇街6,失信被执行人信息（法人或其他组织）,建设项目情况信息(JKJS3),工商开业登记信息,土地交易信息(JKGT1),广发银行,个人基本信息,自然资源局
公安,籍贯,佛山市安置残疾人单位信息(JKCL1),幼儿园,涉及职业危害作业场所,农业银行,企业用户基本信息,工商联,外商实际投资情况,企业工法奖项信息,国税欠税信息,公有资产管理信息
政数局,成交日期,名址库_门牌地址信息,高企认定或拟认定名单,内资企业设立登记公告数据,镇街2,组织机构代码信息,法院,机动车信息表,政数局,农业农村局,自然资源局
镇街4,出生日期,佛山市安置残疾人单位信息(JKCL1),幼儿园,农业农村局,农业银行,外商实际投资情况,涉及职业危害作业场所,企业工法奖项信息,公有资产管理信息,水费收集信息(包含企业用水信息),单位房屋产权信息表
气象局,投资日期,自然资源局,高企认定或拟认定名单,土地交易信息(JKGT1),厂企信息（网格）,组织机构代码变更信息,广发银行,<EOP>,企业用户基本信息,纳税信用等级纳税人备案信息,出租屋详细信息
农业农村局,企业名称,自然资源局,广发银行,出租屋详细信息,土地交易信息(JKGT1),厂企信息（网格）,高新技术企业认定信息,组织机构代码变更信息,违法违章受处罚企业信息,道路运输经营信息采集表,个人基本信息
人社局,幢数,卫健局,法定代表人正式信息表,外国人入境就业信息(JKRS6),内资企业设立登记公告数据,国税欠税信息,失信被执行人信息（法人或其他组织）,外商实际投资情况,政数局,社保局,残疾人管理
行政服务中心,联系电话,自然资源局,统战部,商品房预售项目信息表,佛山市安置残疾人单位信息(JKCL1),企业工法奖项信息,机动车信息表,企业用户基本信息,广发银行,<EOP>,危险品仓库数据表
教育局,车牌类型,农业银行,农业农村局,企业工法奖项信息,公有资产管理信息,居住证业务有效表,科技局,名址库_门牌地址信息,幼儿园,国税欠税信息,用电量信息表
检察院,操作类型,自然资源局,企业用户基本信息,流动人口注销信息,涉及职业危害作业场所,<EOP>,广发银行,企业基本信息,组织机构代码信息,厂企信息（网格）,工商联
纪委,联系电话,自然资源局,商品房预售项目信息表,机动车信息表,统战部,单位房屋产权信息表,佛山市安置残疾人单位信息(JKCL1),危险品仓库数据表,住房公积金个人公积金年度汇缴明细信息,广发银行,企业工法奖项信息
镇街1,单位名称,水费收集信息(包含企业用水信息),危险品仓库数据表,单位房屋产权信息表,统战部,暂住证业务表,商品房预售项目信息表,违法违章受处罚企业信息,工商开业登记信息,机动车信息表,人口基础信息表
税务局,商标,自然资源局,厂企信息（网格）,出租屋详细信息,广发银行,高新技术企业认定信息,土地交易信息(JKGT1),违法违章受处罚企业信息,单位房屋产权信息表,道路运输经营信息采集表,社会团体信息(JKMZ2)
生态环境局,更新时间,自然资源局,厂企信息（网格）,流动人口注销信息,涉及职业危害作业场所,失信被执行人信息（法人或其他组织）,镇街2,流动人口表,道路运输经营信息采集表,企业用户基本信息,企业工法奖项信息
税务局,用地面积,失信被执行人信息（法人或其他组织）,卫健局,厂企信息（网格）,出租屋详细信息,法院,外国人入境就业信息(JKRS6),法定代表人正式信息表,镇街2,名址库_门牌地址信息,高企认定或拟认定名单
公安,交易类型,政数局,高企认定或拟认定名单,外国人入境就业信息(JKRS6),居住证业务有效表,房屋建筑工程竣工验收备案信息(JKJS6),镇街6,科技局,变更登记信息,残疾人管理,土地交易信息(JKGT1)
镇街1,更新时间,暂住证业务表,厂企信息（网格）,流动人口注销信息,单位房屋产权信息表,自然资源局,失信被执行人信息（法人或其他组织）,道路运输经营信息采集表,危险品仓库数据表,社会团体信息(JKMZ2),镇街2
公安,操作类型,自然资源局,厂企信息（网格）,流动人口注销信息,失信被执行人信息（法人或其他组织）,律师基本信息采集表,道路运输经营信息采集表,变更登记信息,暂住证业务表,镇街2,居住证业务有效表
检察院,备案日期,自然资源局,<EOP>,土地交易信息(JKGT1),组织机构代码信息,组织机构代码变更信息,企业用户基本信息,统战部,名址库_门牌地址信息,高企认定或拟认定名单,广发银行
检察院,安置人数,自然资源局,<EOP>,企业基本信息,企业用户基本信息,佛山市安置残疾人单位信息(JKCL1),高企认定或拟认定名单,组织机构代码信息,（市经信）广东省名牌产品,工商联,土地交易信息(JKGT1)
税务局,婚姻状况,佛山市安置残疾人单位信息(JKCL1),外商实际投资情况,农业银行,企业工法奖项信息,企业用户基本信息,住房公积金个人公积金年度汇缴明细信息,<EOP>,农业农村局,水费收集信息(包含企业用水信息),工商联
纪委,主体业态,广发银行,违法违章受处罚企业信息,自然资源局,厂企信息（网格）,建设项目情况信息(JKJS3),社会团体信息(JKMZ2),组织机构代码变更信息,水费收集信息(包含企业用水信息),出租屋详细信息,财政直接支付信息(JKCZ2)
住建水利局,所属区,建设项目情况信息(JKJS3),违法违章受处罚企业信息,广发银行,自然资源局,组织机构代码变更信息,水费收集信息(包含企业用水信息),镇街2,科技局,律师基本信息采集表,居住证业务有效表
行政服务中心,所属派出所,企业工法奖项信息,企业用户基本信息,自然资源局,佛山市安置残疾人单位信息(JKCL1),农业银行,农业农村局,<EOP>,统战部,商品房预售项目信息表,违法违章受处罚企业信息
检察院,回执编号,企业工法奖项信息,农业银行,企业用户基本信息,佛山市安置残疾人单位信息(JKCL1),外商实际投资情况,公有资产管理信息,自然资源局,<EOP>,幼儿园,涉及职业危害作业场所
检察院,类别,自然资源局,<EOP>,企业基本信息,企业用户基本信息,组织机构代码信息,佛山市安置残疾人单位信息(JKCL1),（市经信）广东省名牌产品,土地交易信息(JKGT1),广发银行,工商联
公安,年龄,国税欠税信息,外商实际投资情况,幼儿园,工商开业登记信息,居住证业务有效表,水费收集信息(包含企业用水信息),佛山市安置残疾人单位信息(JKCL1),住房公积金个人公积金年度汇缴明细信息,涉及职业危害作业场所,行政服务中心
市监局,联系人,单位房屋产权信息表,危险品仓库数据表,工商开业登记信息,土地交易信息(JKGT1),机动车信息表,人口基础信息表,科技局,自然资源局,农业农村局,吊销登记信息
法院,名称,自然资源局,土地交易信息(JKGT1),广发银行,<EOP>,单位房屋产权信息表,企业基本信息,工商联,镇街2,律师基本信息采集表,危险品仓库数据表
人才办,登记日期,居住证业务有效表,律师基本信息采集表,自然资源局,幼儿园,统战部,（市经信）广东省名牌产品,<EOP>,高企认定或拟认定名单,组织机构代码变更信息,农业银行
镇街7,性别,企业用户基本信息,佛山市安置残疾人单位信息(JKCL1),企业工法奖项信息,公有资产管理信息,幼儿园,农业银行,工商联,涉及职业危害作业场所,<EOP>,流动人口表
法院,政治面貌,佛山市安置残疾人单位信息(JKCL1),企业用户基本信息,企业工法奖项信息,幼儿园,农业银行,工商联,外商实际投资情况,涉及职业危害作业场所,公有资产管理信息,<EOP>
农商行,操作类型,企业用户基本信息,企业工法奖项信息,自然资源局,涉及职业危害作业场所,统战部,流动人口注销信息,商品房预售项目信息表,流动人口表,道路运输经营信息采集表,<EOP>
人才办,学历专业,幼儿园,佛山市安置残疾人单位信息(JKCL1),涉及职业危害作业场所,居住证业务有效表,工商联,公有资产管理信息,国税欠税信息,流动人口注销信息,农业银行,外商实际投资情况
税务局,标的,自然资源局,厂企信息（网格）,出租屋详细信息,土地交易信息(JKGT1),高新技术企业认定信息,高企认定或拟认定名单,广发银行,纳税信用等级纳税人备案信息,失信被执行人信息（法人或其他组织）,统计局
农业银行,行业代码,自然资源局,高新技术企业认定信息,广发银行,律师基本信息采集表,社会团体信息(JKMZ2),厂企信息（网格）,违法违章受处罚企业信息,土地交易信息(JKGT1),组织机构代码变更信息,居住证业务有效表
工商联,年检日期,自然资源局,违法违章受处罚企业信息,居住证业务有效表,律师基本信息采集表,广发银行,科技局,统战部,农业农村局,财政直接支付信息(JKCZ2),商品房预售项目信息表
镇街6,登记日期,自然资源局,律师基本信息采集表,统战部,居住证业务有效表,商品房预售项目信息表,财政直接支付信息(JKCZ2),农业农村局,违法违章受处罚企业信息,广发银行,企业工法奖项信息
镇街2,联系电话,机动车信息表,自然资源局,统战部,商品房预售项目信息表,土地交易信息(JKGT1),危险品仓库数据表,佛山市安置残疾人单位信息(JKCL1),企业工法奖项信息,工商开业登记信息,单位房屋产权信息表
镇街4,填表人,企业工法奖项信息,组织机构代码变更信息,农业农村局,流动人口表,农业银行,外商实际投资情况,公有资产管理信息,幼儿园,企业用户基本信息,佛山市安置残疾人单位信息(JKCL1)
检察院,建立时间,自然资源局,企业用户基本信息,<EOP>,佛山市安置残疾人单位信息(JKCL1),企业基本信息,工商联,农业银行,公有资产管理信息,组织机构代码信息,企业工法奖项信息
住建水利局,行业门类,自然资源局,广发银行,违法违章受处罚企业信息,高新技术企业认定信息,科技局,厂企信息（网格）,土地交易信息(JKGT1),社会团体信息(JKMZ2),统计局,纳税信用等级纳税人备案信息
纪委,人员编号,企业工法奖项信息,企业用户基本信息,农业银行,农业农村局,幼儿园,佛山市安置残疾人单位信息(JKCL1),涉及职业危害作业场所,公有资产管理信息,名址库_门牌地址信息,外商实际投资情况
纪委,地址,建设项目情况信息(JKJS3),出租屋详细信息,商品房预售项目信息表,机动车信息表,广发银行,镇街2,单位房屋产权信息表,人口基础信息表,社保局,卫健局
法院,环比,建设项目情况信息(JKJS3),组织机构代码信息,组织机构代码变更信息,镇街2,外商实际投资情况,镇街7,居住证业务有效表,（市经信）广东省名牌产品,名址库_门牌地址信息,镇街6
政数局,地址,出租屋详细信息,建设项目情况信息(JKJS3),商品房预售项目信息表,机动车信息表,广发银行,镇街2,统战部,卫健局,自然资源局,法院
法院,公民身份号码,企业用户基本信息,企业工法奖项信息,自然资源局,工商联,佛山市安置残疾人单位信息(JKCL1),<EOP>,涉及职业危害作业场所,农业银行,企业基本信息,流动人口表
政数局,纳税信用等级,建设项目情况信息(JKJS3),违法违章受处罚企业信息,广发银行,组织机构代码变更信息,镇街2,镇街7,财政直接支付信息(JKCZ2),镇街6,名址库_门牌地址信息,外商实际投资情况
人才办,统一社会信用代码,律师基本信息采集表,居住证业务有效表,自然资源局,高新技术企业认定信息,组织机构代码变更信息,社会团体信息(JKMZ2),镇街6,出租屋详细信息,行政服务中心,建设项目情况信息(JKJS3)
纪委,操作类型,自然资源局,厂企信息（网格）,流动人口注销信息,涉及职业危害作业场所,道路运输经营信息采集表,流动人口表,镇街2,社会团体信息(JKMZ2),广发银行,组织机构代码信息
公安,邮编,自然资源局,土地交易信息(JKGT1),幼儿园,居住证业务有效表,公有资产管理信息,行政服务中心,科技局,外国人入境就业信息(JKRS6),工商开业登记信息,高新技术企业认定信息
政数局,用地性质,失信被执行人信息（法人或其他组织）,厂企信息（网格）,自然资源局,名址库_门牌地址信息,卫健局,高企认定或拟认定名单,法院,出租屋详细信息,流动人口注销信息,组织机构代码信息
统战部,经营期限,自然资源局,广发银行,厂企信息（网格）,高新技术企业认定信息,土地交易信息(JKGT1),科技局,违法违章受处罚企业信息,社会团体信息(JKMZ2),纳税信用等级纳税人备案信息,组织机构代码变更信息
消防大队,法定代表人,自然资源局,商品房预售项目信息表,统战部,广发银行,机动车信息表,违法违章受处罚企业信息,组织机构代码变更信息,建设项目情况信息(JKJS3),土地交易信息(JKGT1),水费收集信息(包含企业用水信息)
住建水利局,服务项目,自然资源局,建设项目情况信息(JKJS3),广发银行,违法违章受处罚企业信息,外商实际投资情况,人口基础信息表,社保局,镇街6,财政直接支付信息(JKCZ2),出租屋详细信息
纪委,发证机关,违法违章受处罚企业信息,财政直接支付信息(JKCZ2),自然资源局,广发银行,律师基本信息采集表,危险品仓库数据表,农业农村局,单位房屋产权信息表,科技局,企业工法奖项信息
政数局,单位名称,商品房预售项目信息表,自然资源局,企业工法奖项信息,统战部,组织机构代码变更信息,广发银行,律师基本信息采集表,<EOP>,财政直接支付信息(JKCZ2),水费收集信息(包含企业用水信息)
城管局,经营范围,自然资源局,高新技术企业认定信息,土地交易信息(JKGT1),违法违章受处罚企业信息,广发银行,厂企信息（网格）,纳税信用等级纳税人备案信息,高企认定或拟认定名单,居住证业务有效表,科技局
政数局,批准文号,自然资源局,广发银行,水费收集信息(包含企业用水信息),出租屋详细信息,律师基本信息采集表,违法违章受处罚企业信息,高新技术企业认定信息,社会团体信息(JKMZ2),土地交易信息(JKGT1),厂企信息（网格）
政数局,目前状态,自然资源局,广发银行,名址库_门牌地址信息,科技局,违法违章受处罚企业信息,机动车信息表,土地交易信息(JKGT1),单位房屋产权信息表,<EOP>,危险品仓库数据表
政数局,更新时间,自然资源局,企业用户基本信息,组织机构代码变更信息,企业工法奖项信息,涉及职业危害作业场所,流动人口注销信息,镇街2,组织机构代码信息,名址库_门牌地址信息,流动人口表
政数局,区域,自然资源局,广发银行,出租屋详细信息,厂企信息（网格）,名址库_门牌地址信息,违法违章受处罚企业信息,商品房预售项目信息表,卫健局,法院,土地交易信息(JKGT1)
政数局,镇街,机动车信息表,商品房预售项目信息表,统战部,名址库_门牌地址信息,自然资源局,企业工法奖项信息,<EOP>,土地交易信息(JKGT1),法院,农业农村局
气象局,经营年限,自然资源局,高企认定或拟认定名单,土地交易信息(JKGT1),科技局,组织机构代码变更信息,<EOP>,广发银行,企业用户基本信息,纳税信用等级纳税人备案信息,违法违章受处罚企业信息
政数局,审核人,企业工法奖项信息,企业用户基本信息,农业银行,名址库_门牌地址信息,农业农村局,佛山市安置残疾人单位信息(JKCL1),外商实际投资情况,<EOP>,法院,机动车信息表
人才办,行政许可事项,居住证业务有效表,镇街6,律师基本信息采集表,外国人入境就业信息(JKRS6),自然资源局,流动人口注销信息,土地交易信息(JKGT1),（市经信）广东省名牌产品,科技局,财政直接支付信息(JKCZ2)
自然资源局,年检期限,自然资源局,违法违章受处罚企业信息,统战部,机动车信息表,商品房预售项目信息表,广发银行,<EOP>,土地交易信息(JKGT1),科技局,企业工法奖项信息
发改局,邮政编码,自然资源局,土地交易信息(JKGT1),公有资产管理信息,组织机构代码变更信息,科技局,流动人口表,居住证业务有效表,幼儿园,律师基本信息采集表,广发银行
检察院,建筑层数,自然资源局,组织机构代码信息,<EOP>,卫健局,法院,名址库_门牌地址信息,高企认定或拟认定名单,建设项目情况信息(JKJS3),镇街2,失信被执行人信息（法人或其他组织）
农商行,地址,统战部,机动车信息表,商品房预售项目信息表,企业工法奖项信息,危险品仓库数据表,单位房屋产权信息表,出租屋详细信息,建设项目情况信息(JKJS3),卫健局,违法违章受处罚企业信息
检察院,级别,自然资源局,<EOP>,广发银行,土地交易信息(JKGT1),企业基本信息,组织机构代码变更信息,科技局,（市经信）广东省名牌产品,企业用户基本信息,居住证业务有效表
检察院,变更项目,自然资源局,广发银行,<EOP>,厂企信息（网格）,土地交易信息(JKGT1),高企认定或拟认定名单,出租屋详细信息,组织机构代码信息,名址库_门牌地址信息,企业基本信息
检察院,手机,自然资源局,企业用户基本信息,<EOP>,企业基本信息,佛山市安置残疾人单位信息(JKCL1),公有资产管理信息,工商联,企业工法奖项信息,广发银行,农业银行
检察院,产品名称,自然资源局,广发银行,出租屋详细信息,<EOP>,土地交易信息(JKGT1),机动车信息表,商品房预售项目信息表,统战部,企业基本信息,组织机构代码信息
镇街3,户口性质,企业工法奖项信息,企业用户基本信息,农业银行,农业农村局,佛山市安置残疾人单位信息(JKCL1),外商实际投资情况,公有资产管理信息,名址库_门牌地址信息,涉及职业危害作业场所,<EOP>
纪委,所属区域,广发银行,出租屋详细信息,自然资源局,镇街2,建设项目情况信息(JKJS3),违法违章受处罚企业信息,组织机构代码变更信息,土地交易信息(JKGT1),房屋建筑工程竣工验收备案信息(JKJS6),厂企信息（网格）
发改局,注册号,自然资源局,厂企信息（网格）,社会团体信息(JKMZ2),广发银行,违法违章受处罚企业信息,高新技术企业认定信息,道路运输经营信息采集表,单位房屋产权信息表,律师基本信息采集表,土地交易信息(JKGT1)
税务局,备注,自然资源局,出租屋详细信息,厂企信息（网格）,失信被执行人信息（法人或其他组织）,广发银行,卫健局,土地交易信息(JKGT1),单位房屋产权信息表,危险品仓库数据表,流动人口表
纪委,建设单位,卫健局,法院,法定代表人正式信息表,出租屋详细信息,社保局,内资企业设立登记公告数据,广发银行,名址库_门牌地址信息,建设项目情况信息(JKJS3),机动车信息表
金融办,支付日期,土地交易信息(JKGT1),高企认定或拟认定名单,镇街2,自然资源局,房屋建筑工程竣工验收备案信息(JKJS6),组织机构代码变更信息,出租屋详细信息,<EOP>,居住证业务有效表,工商联
公安,备注,自然资源局,出租屋详细信息,失信被执行人信息（法人或其他组织）,卫健局,工商开业登记信息,高企认定或拟认定名单,单位房屋产权信息表,流动人口表,土地交易信息(JKGT1),危险品仓库数据表
检察院,经营范围,自然资源局,广发银行,土地交易信息(JKGT1),<EOP>,高新技术企业认定信息,科技局,厂企信息（网格）,出租屋详细信息,高企认定或拟认定名单,组织机构代码变更信息
纪委,证书编号,违法违章受处罚企业信息,暂住证业务表,广发银行,农业农村局,财政直接支付信息(JKCZ2),单位房屋产权信息表,水费收集信息(包含企业用水信息),危险品仓库数据表,变更登记信息,镇街2
法院,车辆品牌,自然资源局,企业工法奖项信息,<EOP>,企业用户基本信息,居住证业务有效表,工商联,农业银行,佛山市安置残疾人单位信息(JKCL1),农业农村局,科技局
人才办,处罚文书号,居住证业务有效表,律师基本信息采集表,镇街6,组织机构代码变更信息,建设项目情况信息(JKJS3),科技局,财政直接支付信息(JKCZ2),（市经信）广东省名牌产品,变更登记信息,违法违章受处罚企业信息
检察院,更新时间,自然资源局,企业用户基本信息,涉及职业危害作业场所,<EOP>,工商联,组织机构代码变更信息,流动人口注销信息,组织机构代码信息,流动人口表,镇街2
人才办,婚姻状况,佛山市安置残疾人单位信息(JKCL1),幼儿园,农业银行,工商联,涉及职业危害作业场所,居住证业务有效表,企业用户基本信息,公有资产管理信息,外商实际投资情况,<EOP>
金融办,地址,土地交易信息(JKGT1),镇街2,出租屋详细信息,自然资源局,机动车信息表,广发银行,单位房屋产权信息表,<EOP>,名址库_门牌地址信息,城管局
住建水利局,单位名称,建设项目情况信息(JKJS3),组织机构代码变更信息,自然资源局,广发银行,律师基本信息采集表,财政直接支付信息(JKCZ2),违法违章受处罚企业信息,水费收集信息(包含企业用水信息),镇街7,流动人口表
人才办,注销日期,律师基本信息采集表,居住证业务有效表,镇街6,组织机构代码变更信息,自然资源局,建设工程规划许可证信息JKGH2,高企认定或拟认定名单,科技局,土地交易信息(JKGT1),违法违章受处罚企业信息
检察院,备注,自然资源局,<EOP>,企业用户基本信息,高企认定或拟认定名单,土地交易信息(JKGT1),企业基本信息,统战部,广发银行,流动人口表,商品房预售项目信息表
政数局,手术时间,企业工法奖项信息,外商实际投资情况,农业银行,企业用户基本信息,名址库_门牌地址信息,内资企业设立登记公告数据,社保局,法院,农业农村局,机动车信息表
政数局,企业注册号,广发银行,自然资源局,厂企信息（网格）,镇街6,出租屋详细信息,变更登记信息,违法违章受处罚企业信息,土地交易信息(JKGT1),律师基本信息采集表,道路运输经营信息采集表
政数局,统一社会信用代码,自然资源局,广发银行,出租屋详细信息,厂企信息（网格）,律师基本信息采集表,组织机构代码变更信息,社会团体信息(JKMZ2),高新技术企业认定信息,水费收集信息(包含企业用水信息),违法违章受处罚企业信息
政数局,商标,自然资源局,广发银行,厂企信息（网格）,土地交易信息(JKGT1),违法违章受处罚企业信息,机动车信息表,单位房屋产权信息表,出租屋详细信息,科技局,危险品仓库数据表
政数局,统一社会信用代码,自然资源局,广发银行,出租屋详细信息,厂企信息（网格）,律师基本信息采集表,组织机构代码变更信息,社会团体信息(JKMZ2),高新技术企业认定信息,水费收集信息(包含企业用水信息),违法违章受处罚企业信息
教育局,人员编号,企业工法奖项信息,农业银行,农业农村局,公有资产管理信息,幼儿园,企业用户基本信息,涉及职业危害作业场所,名址库_门牌地址信息,流动人口注销信息,用电量信息表
检察院,地址,自然资源局,建设项目情况信息(JKJS3),广发银行,出租屋详细信息,商品房预售项目信息表,<EOP>,统战部,机动车信息表,镇街2,企业基本信息
镇街1,文化程度,佛山市安置残疾人单位信息(JKCL1),外商实际投资情况,水费收集信息(包含企业用水信息),国税欠税信息,农业银行,企业工法奖项信息,农业农村局,企业用户基本信息,幼儿园,<EOP>
农商行,从业经历,企业工法奖项信息,企业用户基本信息,佛山市安置残疾人单位信息(JKCL1),机动车信息表,统战部,农业银行,<EOP>,公有资产管理信息,商品房预售项目信息表,自然资源局
法院,文化程度,佛山市安置残疾人单位信息(JKCL1),企业用户基本信息,工商联,外商实际投资情况,<EOP>,幼儿园,农业银行,企业工法奖项信息,涉及职业危害作业场所,企业基本信息
法院,行政区域,自然资源局,广发银行,组织机构代码变更信息,律师基本信息采集表,违法违章受处罚企业信息,土地交易信息(JKGT1),镇街2,<EOP>,科技局,居住证业务有效表
社保局,企业类型,自然资源局,广发银行,厂企信息（网格）,土地交易信息(JKGT1),组织机构代码变更信息,科技局,违法违章受处罚企业信息,高新技术企业认定信息,<EOP>,企业用户基本信息
公安,网址,单位房屋产权信息表,外国人入境就业信息(JKRS6),出租屋详细信息,危险品仓库数据表,人口基础信息表,工商开业登记信息,土地交易信息(JKGT1),吊销登记信息,公有资产管理信息,自然资源局
法院,注销日期,律师基本信息采集表,自然资源局,居住证业务有效表,组织机构代码变更信息,镇街6,违法违章受处罚企业信息,广发银行,建设工程规划许可证信息JKGH2,镇街2,组织机构代码信息
公安,备注,自然资源局,出租屋详细信息,失信被执行人信息（法人或其他组织）,卫健局,工商开业登记信息,高企认定或拟认定名单,单位房屋产权信息表,流动人口表,土地交易信息(JKGT1),危险品仓库数据表
纪委,鉴定级别,外商实际投资情况,建设项目情况信息(JKJS3),农业农村局,财政直接支付信息(JKCZ2),违法违章受处罚企业信息,名址库_门牌地址信息,镇街2,法定代表人正式信息表,内资企业设立登记公告数据,镇街6
自然资源局,动工日期,企业工法奖项信息,机动车信息表,企业用户基本信息,名址库_门牌地址信息,法院,<EOP>,高企认定或拟认定名单,统战部,商品房预售项目信息表,卫健局
纪委,核准日期,自然资源局,厂企信息（网格）,广发银行,违法违章受处罚企业信息,社会团体信息(JKMZ2),高新技术企业认定信息,道路运输经营信息采集表,纳税信用等级纳税人备案信息,土地交易信息(JKGT1),出租屋详细信息
政数局,文化程度,企业用户基本信息,企业工法奖项信息,佛山市安置残疾人单位信息(JKCL1),<EOP>,农业银行,工商联,外商实际投资情况,涉及职业危害作业场所,幼儿园,名址库_门牌地址信息
行政服务中心,审批意见,自然资源局,企业工法奖项信息,名址库_门牌地址信息,佛山市安置残疾人单位信息(JKCL1),农业农村局,广发银行,违法违章受处罚企业信息,农业银行,企业用户基本信息,<EOP>
镇街6,状态,自然资源局,广发银行,违法违章受处罚企业信息,高新技术企业认定信息,律师基本信息采集表,社会团体信息(JKMZ2),财政直接支付信息(JKCZ2),科技局,厂企信息（网格）,教育局
政数局,经营期限,自然资源局,广发银行,厂企信息（网格）,土地交易信息(JKGT1),科技局,高新技术企业认定信息,组织机构代码变更信息,高企认定或拟认定名单,纳税信用等级纳税人备案信息,违法违章受处罚企业信息
检察院,备注,自然资源局,<EOP>,企业用户基本信息,高企认定或拟认定名单,土地交易信息(JKGT1),企业基本信息,统战部,广发银行,流动人口表,商品房预售项目信息表
行政服务中心,组织机构代码,自然资源局,广发银行,律师基本信息采集表,违法违章受处罚企业信息,科技局,组织机构代码变更信息,土地交易信息(JKGT1),社会团体信息(JKMZ2),财政直接支付信息(JKCZ2),厂企信息（网格）
税务局,施工单位,出租屋详细信息,卫健局,厂企信息（网格）,失信被执行人信息（法人或其他组织）,自然资源局,广发银行,镇街6,工商开业登记信息,社保局,人口基础信息表
公安,交易日期,高企认定或拟认定名单,政数局,镇街6,居住证业务有效表,房屋建筑工程竣工验收备案信息(JKJS6),土地交易信息(JKGT1),科技局,个人基本信息,变更登记信息,建设工程规划许可证信息JKGH2
检察院,证件号码,自然资源局,企业用户基本信息,佛山市安置残疾人单位信息(JKCL1),<EOP>,企业基本信息,涉及职业危害作业场所,工商联,农业银行,公有资产管理信息,幼儿园
镇街4,所属派出所,违法违章受处罚企业信息,自然资源局,单位房屋产权信息表,农业农村局,危险品仓库数据表,科技局,企业工法奖项信息,财政直接支付信息(JKCZ2),广发银行,外商实际投资情况
住建水利局,最后更新时间,自然资源局,厂企信息（网格）,广发银行,违法违章受处罚企业信息,社会团体信息(JKMZ2),高新技术企业认定信息,单位房屋产权信息表,科技局,统计局,土地交易信息(JKGT1)
统战部,更新时间,自然资源局,厂企信息（网格）,流动人口注销信息,组织机构代码变更信息,流动人口表,企业用户基本信息,镇街2,涉及职业危害作业场所,企业工法奖项信息,失信被执行人信息（法人或其他组织）
纪委,去向,企业工法奖项信息,佛山市安置残疾人单位信息(JKCL1),农业农村局,农业银行,外商实际投资情况,名址库_门牌地址信息,违法违章受处罚企业信息,企业用户基本信息,财政直接支付信息(JKCZ2),危险品仓库数据表
政数局,移动电话,企业工法奖项信息,自然资源局,企业用户基本信息,科技局,公有资产管理信息,农业银行,镇街2,名址库_门牌地址信息,农业农村局,组织机构代码信息
镇街5,证件类型,涉及职业危害作业场所,幼儿园,佛山市安置残疾人单位信息(JKCL1),公有资产管理信息,道路运输经营信息采集表,流动人口表,流动人口注销信息,居住证业务有效表,自然资源局,企业基本信息
镇街2,民族,企业用户基本信息,企业工法奖项信息,佛山市安置残疾人单位信息(JKCL1),农业银行,公有资产管理信息,工商联,<EOP>,自然资源局,涉及职业危害作业场所,机动车信息表
农业农村局,主管部门,自然资源局,广发银行,土地交易信息(JKGT1),科技局,违法违章受处罚企业信息,纳税信用等级纳税人备案信息,<EOP>,机动车信息表,单位房屋产权信息表,组织机构代码变更信息
检察院,电话,自然资源局,<EOP>,广发银行,土地交易信息(JKGT1),企业基本信息,科技局,居住证业务有效表,（市经信）广东省名牌产品,佛山市安置残疾人单位信息(JKCL1),统战部
科技局,实收资本,自然资源局,土地交易信息(JKGT1),科技局,高企认定或拟认定名单,组织机构代码变更信息,广发银行,厂企信息（网格）,纳税信用等级纳税人备案信息,违法违章受处罚企业信息,高新技术企业认定信息
行政服务中心,注销时间,企业工法奖项信息,自然资源局,农业农村局,名址库_门牌地址信息,违法违章受处罚企业信息,财政直接支付信息(JKCZ2),企业用户基本信息,<EOP>,广发银行,农业银行
镇街7,常住户口所在地,企业工法奖项信息,农业农村局,农业银行,佛山市安置残疾人单位信息(JKCL1),外商实际投资情况,幼儿园,财政直接支付信息(JKCZ2),企业用户基本信息,名址库_门牌地址信息,公有资产管理信息
法院,交通工具,企业用户基本信息,企业工法奖项信息,自然资源局,佛山市安置残疾人单位信息(JKCL1),农业银行,工商联,涉及职业危害作业场所,<EOP>,公有资产管理信息,企业基本信息
法院,企业名称,自然资源局,广发银行,厂企信息（网格）,土地交易信息(JKGT1),出租屋详细信息,高新技术企业认定信息,镇街6,律师基本信息采集表,违法违章受处罚企业信息,社会团体信息(JKMZ2)
公安,操作类型,自然资源局,厂企信息（网格）,流动人口注销信息,失信被执行人信息（法人或其他组织）,律师基本信息采集表,道路运输经营信息采集表,变更登记信息,暂住证业务表,镇街2,居住证业务有效表
政数局,单位名称,商品房预售项目信息表,自然资源局,企业工法奖项信息,统战部,组织机构代码变更信息,广发银行,律师基本信息采集表,<EOP>,财政直接支付信息(JKCZ2),水费收集信息(包含企业用水信息)
纪委,状态,自然资源局,广发银行,违法违章受处罚企业信息,科技局,厂企信息（网格）,单位房屋产权信息表,纳税信用等级纳税人备案信息,危险品仓库数据表,土地交易信息(JKGT1),统计局
纪委,更新时间,自然资源局,企业用户基本信息,企业工法奖项信息,组织机构代码变更信息,流动人口表,流动人口注销信息,涉及职业危害作业场所,镇街2,名址库_门牌地址信息,组织机构代码信息
检察院,更新时间,自然资源局,企业用户基本信息,涉及职业危害作业场所,<EOP>,工商联,组织机构代码变更信息,流动人口注销信息,组织机构代码信息,流动人口表,镇街2
金融办,纳税信用等级,镇街2,土地交易信息(JKGT1),组织机构代码变更信息,名址库_门牌地址信息,科技局,组织机构代码信息,外商实际投资情况,广发银行,镇街6,违法违章受处罚企业信息
农商行,单位名称,统战部,企业工法奖项信息,商品房预售项目信息表,机动车信息表,企业用户基本信息,危险品仓库数据表,单位房屋产权信息表,<EOP>,农业农村局,自然资源局
农业银行,法定代表人,自然资源局,高新技术企业认定信息,建设项目情况信息(JKJS3),组织机构代码变更信息,水费收集信息(包含企业用水信息),广发银行,违法违章受处罚企业信息,出租屋详细信息,土地交易信息(JKGT1),社会团体信息(JKMZ2)
政数局,投资概算,自然资源局,名址库_门牌地址信息,高企认定或拟认定名单,重点建设项目计划信息,土地交易信息(JKGT1),卫健局,外国人入境就业信息(JKRS6),出租屋详细信息,广发银行,法院
税务局,处罚日期,镇街6,建设项目情况信息(JKJS3),出租屋详细信息,卫健局,违法违章受处罚企业信息,广发银行,厂企信息（网格）,水费收集信息(包含企业用水信息),社保局,失信被执行人信息（法人或其他组织）
公安,注册日期,水费收集信息(包含企业用水信息),居住证业务有效表,镇街6,律师基本信息采集表,建设项目情况信息(JKJS3),卫健局,违法违章受处罚企业信息,工商开业登记信息,财政直接支付信息(JKCZ2),出租屋详细信息
检察院,单元,自然资源局,<EOP>,广发银行,土地交易信息(JKGT1),出租屋详细信息,高企认定或拟认定名单,企业基本信息,组织机构代码信息,机动车信息表,厂企信息（网格）
检察院,组织机构代码,自然资源局,广发银行,土地交易信息(JKGT1),科技局,<EOP>,组织机构代码变更信息,企业基本信息,违法违章受处罚企业信息,居住证业务有效表,高企认定或拟认定名单
政数局,组织机构代码,自然资源局,广发银行,科技局,组织机构代码变更信息,律师基本信息采集表,土地交易信息(JKGT1),违法违章受处罚企业信息,厂企信息（网格）,社会团体信息(JKMZ2),高新技术企业认定信息
检察院,备注,自然资源局,<EOP>,企业用户基本信息,高企认定或拟认定名单,土地交易信息(JKGT1),企业基本信息,统战部,广发银行,流动人口表,商品房预售项目信息表
社保局,业务号,自然资源局,厂企信息（网格）,广发银行,土地交易信息(JKGT1),高企认定或拟认定名单,道路运输经营信息采集表,违法违章受处罚企业信息,科技局,企业用户基本信息,纳税信用等级纳税人备案信息
法院,批准日期,卫健局,失信被执行人信息（法人或其他组织）,律师基本信息采集表,组织机构代码信息,自然资源局,法院,居住证业务有效表,镇街6,出租屋详细信息,流动人口注销信息
纪委,职业教育,外商实际投资情况,佛山市安置残疾人单位信息(JKCL1),自然资源局,企业用户基本信息,企业基本信息,名址库_门牌地址信息,<EOP>,企业工法奖项信息,农业农村局,农业银行
检察院,经办人身份证,外商实际投资情况,佛山市安置残疾人单位信息(JKCL1),农业银行,<EOP>,农业农村局,企业工法奖项信息,名址库_门牌地址信息,镇街2,组织机构代码变更信息,组织机构代码信息
经促局,电话号码,自然资源局,单位房屋产权信息表,危险品仓库数据表,企业工法奖项信息,公有资产管理信息,广发银行,科技局,土地交易信息(JKGT1),佛山市安置残疾人单位信息(JKCL1),农业银行
政数局,民族,企业用户基本信息,企业工法奖项信息,佛山市安置残疾人单位信息(JKCL1),自然资源局,工商联,<EOP>,农业银行,公有资产管理信息,涉及职业危害作业场所,名址库_门牌地址信息
政数局,职务,自然资源局,企业用户基本信息,佛山市安置残疾人单位信息(JKCL1),涉及职业危害作业场所,<EOP>,工商联,名址库_门牌地址信息,企业工法奖项信息,高企认定或拟认定名单,组织机构代码变更信息
纪委,填报日期,建设项目情况信息(JKJS3),组织机构代码变更信息,镇街7,广发银行,违法违章受处罚企业信息,镇街2,农业农村局,水费收集信息(包含企业用水信息),财政直接支付信息(JKCZ2),组织机构代码信息
政数局,居住方式,企业工法奖项信息,企业用户基本信息,名址库_门牌地址信息,农业银行,佛山市安置残疾人单位信息(JKCL1),<EOP>,农业农村局,外商实际投资情况,工商联,法院
公安,联系电话,工商开业登记信息,统战部,单位房屋产权信息表,住房公积金个人公积金年度汇缴明细信息,水费收集信息(包含企业用水信息),危险品仓库数据表,人口基础信息表,土地交易信息(JKGT1),出租屋详细信息,佛山市安置残疾人单位信息(JKCL1)
检察院,发证日期,自然资源局,<EOP>,广发银行,水费收集信息(包含企业用水信息),企业用户基本信息,统战部,企业基本信息,组织机构代码信息,组织机构代码变更信息,名址库_门牌地址信息
法院,土地类别,组织机构代码信息,高企认定或拟认定名单,名址库_门牌地址信息,镇街2,自然资源局,政数局,流动人口注销信息,工商联,涉及职业危害作业场所,土地交易信息(JKGT1)
农业农村局,注册资本,自然资源局,土地交易信息(JKGT1),广发银行,厂企信息（网格）,高新技术企业认定信息,科技局,高企认定或拟认定名单,组织机构代码变更信息,纳税信用等级纳税人备案信息,出租屋详细信息
金融办,操作类型,自然资源局,镇街2,土地交易信息(JKGT1),工商联,流动人口注销信息,高企认定或拟认定名单,组织机构代码信息,道路运输经营信息采集表,名址库_门牌地址信息,涉及职业危害作业场所
纪委,许可证编号,违法违章受处罚企业信息,广发银行,厂企信息（网格）,自然资源局,单位房屋产权信息表,财政直接支付信息(JKCZ2),危险品仓库数据表,社会团体信息(JKMZ2),镇街6,名址库_门牌地址信息
税务局,项目编号,失信被执行人信息（法人或其他组织）,卫健局,外国人入境就业信息(JKRS6),厂企信息（网格）,法定代表人正式信息表,出租屋详细信息,内资企业设立登记公告数据,重点建设项目计划信息,法院,名址库_门牌地址信息
纪委,地址,建设项目情况信息(JKJS3),出租屋详细信息,商品房预售项目信息表,机动车信息表,广发银行,镇街2,单位房屋产权信息表,人口基础信息表,社保局,卫健局
农业农村局,统一社会信用代码,自然资源局,广发银行,出租屋详细信息,组织机构代码变更信息,建设项目情况信息(JKJS3),社会团体信息(JKMZ2),律师基本信息采集表,高新技术企业认定信息,厂企信息（网格）,水费收集信息(包含企业用水信息)
法院,更新时间,自然资源局,组织机构代码变更信息,涉及职业危害作业场所,流动人口注销信息,镇街2,组织机构代码信息,企业用户基本信息,律师基本信息采集表,流动人口表,工商联
自然资源局,纳税人名称,建设项目情况信息(JKJS3),组织机构代码变更信息,商品房预售项目信息表,统战部,镇街7,镇街2,房屋建筑工程竣工验收备案信息(JKJS6),广发银行,出租屋详细信息,律师基本信息采集表
公安,配偶姓名,外商实际投资情况,企业工法奖项信息,危险品仓库数据表,农业银行,农业农村局,统战部,单位房屋产权信息表,国税欠税信息,名址库_门牌地址信息,佛山市安置残疾人单位信息(JKCL1)
行政服务中心,所属区,自然资源局,水费收集信息(包含企业用水信息),广发银行,镇街2,农业农村局,违法违章受处罚企业信息,组织机构代码变更信息,佛山市安置残疾人单位信息(JKCL1),企业工法奖项信息,名址库_门牌地址信息
政数局,户籍地址,企业用户基本信息,企业工法奖项信息,佛山市安置残疾人单位信息(JKCL1),<EOP>,农业银行,工商联,名址库_门牌地址信息,自然资源局,涉及职业危害作业场所,统战部
金融办,被检查单位,土地交易信息(JKGT1),镇街2,镇街6,违法违章受处罚企业信息,外商实际投资情况,机动车信息表,社保局,出租屋详细信息,广发银行,卫健局
人才办,录入时间,居住证业务有效表,幼儿园,公有资产管理信息,农业银行,国税欠税信息,流动人口注销信息,工商联,企业工法奖项信息,涉及职业危害作业场所,佛山市安置残疾人单位信息(JKCL1)
金融办,处罚文书号,土地交易信息(JKGT1),镇街2,居住证业务有效表,组织机构代码变更信息,镇街6,科技局,自然资源局,组织机构代码信息,名址库_门牌地址信息,律师基本信息采集表
公安,单位名称,水费收集信息(包含企业用水信息),律师基本信息采集表,工商开业登记信息,统战部,建设项目情况信息(JKJS3),财政直接支付信息(JKCZ2),出租屋详细信息,组织机构代码变更信息,卫健局,镇街7
住建水利局,统一社会信用代码,广发银行,自然资源局,建设项目情况信息(JKJS3),高新技术企业认定信息,律师基本信息采集表,社会团体信息(JKMZ2),出租屋详细信息,违法违章受处罚企业信息,组织机构代码变更信息,水费收集信息(包含企业用水信息)
行政服务中心,地址,商品房预售项目信息表,统战部,建设项目情况信息(JKJS3),广发银行,机动车信息表,自然资源局,出租屋详细信息,企业工法奖项信息,违法违章受处罚企业信息,镇街2
行政服务中心,交易方式,自然资源局,高企认定或拟认定名单,名址库_门牌地址信息,企业用户基本信息,涉及职业危害作业场所,流动人口注销信息,组织机构代码信息,镇街2,科技局,农业银行
广发银行,邮政编码,自然资源局,居住证业务有效表,土地交易信息(JKGT1),科技局,幼儿园,律师基本信息采集表,行政服务中心,公有资产管理信息,高新技术企业认定信息,社会团体信息(JKMZ2)
纪委,组织机构代码,自然资源局,广发银行,违法违章受处罚企业信息,科技局,社会团体信息(JKMZ2),组织机构代码变更信息,律师基本信息采集表,土地交易信息(JKGT1),厂企信息（网格）,道路运输经营信息采集表
政数局,联系电话,自然资源局,统战部,商品房预售项目信息表,机动车信息表,土地交易信息(JKGT1),广发银行,出租屋详细信息,组织机构代码变更信息,佛山市安置残疾人单位信息(JKCL1),危险品仓库数据表
镇街3,单位名称,企业工法奖项信息,商品房预售项目信息表,统战部,农业农村局,水费收集信息(包含企业用水信息),危险品仓库数据表,单位房屋产权信息表,财政直接支付信息(JKCZ2),组织机构代码变更信息,流动人口表
人社局,所属区,水费收集信息(包含企业用水信息),居住证业务有效表,镇街2,律师基本信息采集表,暂住证业务表,变更登记信息,国税欠税信息,外商实际投资情况,违法违章受处罚企业信息,行政服务中心
检察院,政治面貌,企业用户基本信息,佛山市安置残疾人单位信息(JKCL1),企业工法奖项信息,<EOP>,农业银行,幼儿园,工商联,公有资产管理信息,外商实际投资情况,涉及职业危害作业场所
政数局,路段,机动车信息表,单位房屋产权信息表,危险品仓库数据表,自然资源局,商品房预售项目信息表,广发银行,统战部,企业工法奖项信息,违法违章受处罚企业信息,名址库_门牌地址信息
检察院,身份证号码,自然资源局,企业用户基本信息,佛山市安置残疾人单位信息(JKCL1),<EOP>,企业基本信息,工商联,涉及职业危害作业场所,流动人口表,公有资产管理信息,幼儿园
消防大队,所属行业,自然资源局,机动车信息表,商品房预售项目信息表,企业用户基本信息,企业工法奖项信息,统战部,广发银行,违法违章受处罚企业信息,土地交易信息(JKGT1),<EOP>
纪委,民族,企业用户基本信息,企业工法奖项信息,佛山市安置残疾人单位信息(JKCL1),公有资产管理信息,农业银行,<EOP>,工商联,自然资源局,涉及职业危害作业场所,外商实际投资情况
法院,创建人,自然资源局,工商联,企业用户基本信息,名址库_门牌地址信息,农业银行,佛山市安置残疾人单位信息(JKCL1),<EOP>,组织机构代码信息,镇街2,企业基本信息
人才办,户籍地址,居住证业务有效表,企业用户基本信息,幼儿园,工商联,涉及职业危害作业场所,佛山市安置残疾人单位信息(JKCL1),农业银行,<EOP>,流动人口表,自然资源局
纪委,配偶姓名,企业工法奖项信息,企业用户基本信息,农业银行,佛山市安置残疾人单位信息(JKCL1),农业农村局,名址库_门牌地址信息,商品房预售项目信息表,机动车信息表,外商实际投资情况,<EOP>
政数局,更新时间,自然资源局,企业用户基本信息,组织机构代码变更信息,企业工法奖项信息,涉及职业危害作业场所,流动人口注销信息,镇街2,组织机构代码信息,名址库_门牌地址信息,流动人口表
纪委,从业年限,佛山市安置残疾人单位信息(JKCL1),幼儿园,企业用户基本信息,涉及职业危害作业场所,外商实际投资情况,工商联,农业银行,公有资产管理信息,农业农村局,<EOP>
镇街6,验证日期,企业工法奖项信息,建设项目情况信息(JKJS3),农业农村局,律师基本信息采集表,财政直接支付信息(JKCZ2),组织机构代码变更信息,居住证业务有效表,违法违章受处罚企业信息,镇街6,农业银行
工商联,更新时间,自然资源局,企业用户基本信息,企业工法奖项信息,流动人口注销信息,组织机构代码变更信息,涉及职业危害作业场所,流动人口表,镇街2,律师基本信息采集表,农业银行
纪委,常住户口所在地,企业工法奖项信息,农业农村局,农业银行,佛山市安置残疾人单位信息(JKCL1),外商实际投资情况,名址库_门牌地址信息,企业用户基本信息,公有资产管理信息,财政直接支付信息(JKCZ2),幼儿园
宣传部,拖欠金额,建设项目情况信息(JKJS3),居住证业务有效表,律师基本信息采集表,科技局,组织机构代码变更信息,（市经信）广东省名牌产品,房屋建筑工程竣工验收备案信息(JKJS6),自然资源局,高企认定或拟认定名单,镇街6
镇街3,入住日期,企业工法奖项信息,农业银行,单位房屋产权信息表,企业用户基本信息,危险品仓库数据表,商品房预售项目信息表,农业农村局,名址库_门牌地址信息,统战部,机动车信息表
农业银行,投资币种,自然资源局,土地交易信息(JKGT1),高新技术企业认定信息,厂企信息（网格）,科技局,纳税信用等级纳税人备案信息,高企认定或拟认定名单,广发银行,统计局,教育局
税务局,服务时间,出租屋详细信息,单位房屋产权信息表,危险品仓库数据表,水费收集信息(包含企业用水信息),镇街2,卫健局,机动车信息表,广发银行,自然资源局,失信被执行人信息（法人或其他组织）
公安,注册号,自然资源局,厂企信息（网格）,高新技术企业认定信息,社会团体信息(JKMZ2),违法违章受处罚企业信息,道路运输经营信息采集表,变更登记信息,单位房屋产权信息表,广发银行,暂住证业务表
气象局,企业类型,自然资源局,广发银行,厂企信息（网格）,土地交易信息(JKGT1),科技局,违法违章受处罚企业信息,组织机构代码变更信息,高企认定或拟认定名单,<EOP>,纳税信用等级纳税人备案信息
教育局,房间号,农业银行,农业农村局,企业工法奖项信息,名址库_门牌地址信息,公有资产管理信息,单位房屋产权信息表,危险品仓库数据表,高企认定或拟认定名单,镇街2,科技局
人才办,房间号,居住证业务有效表,自然资源局,流动人口注销信息,幼儿园,高企认定或拟认定名单,律师基本信息采集表,（市经信）广东省名牌产品,农业银行,公有资产管理信息,科技局
镇街4,地址,建设项目情况信息(JKJS3),出租屋详细信息,卫健局,镇街2,人口基础信息表,社保局,镇街7,水费收集信息(包含企业用水信息),失信被执行人信息（法人或其他组织）,工商开业登记信息
纪委,房号,名址库_门牌地址信息,农业农村局,农业银行,高企认定或拟认定名单,企业工法奖项信息,法院,镇街2,组织机构代码信息,内资企业设立登记公告数据,自然资源局
税务局,批准日期,失信被执行人信息（法人或其他组织）,卫健局,出租屋详细信息,厂企信息（网格）,水费收集信息(包含企业用水信息),镇街6,法院,建设项目情况信息(JKJS3),外国人入境就业信息(JKRS6),律师基本信息采集表
政数局,车牌号码,企业工法奖项信息,企业用户基本信息,农业银行,自然资源局,农业农村局,单位房屋产权信息表,危险品仓库数据表,商品房预售项目信息表,统战部,佛山市安置残疾人单位信息(JKCL1)
公安,录入人,农业农村局,外商实际投资情况,国税欠税信息,农业银行,居住证业务有效表,幼儿园,名址库_门牌地址信息,法定代表人正式信息表,用电量信息表,变更登记信息
检察院,企业名称,自然资源局,广发银行,土地交易信息(JKGT1),出租屋详细信息,<EOP>,厂企信息（网格）,高新技术企业认定信息,企业基本信息,组织机构代码变更信息,科技局
纪委,企业名称,自然资源局,广发银行,厂企信息（网格）,出租屋详细信息,违法违章受处罚企业信息,道路运输经营信息采集表,土地交易信息(JKGT1),高新技术企业认定信息,社会团体信息(JKMZ2),镇街6
公安,操作类型,自然资源局,厂企信息（网格）,流动人口注销信息,失信被执行人信息（法人或其他组织）,律师基本信息采集表,道路运输经营信息采集表,变更登记信息,暂住证业务表,镇街2,居住证业务有效表
法院,车辆状态,自然资源局,科技局,居住证业务有效表,广发银行,土地交易信息(JKGT1),<EOP>,组织机构代码变更信息,镇街2,律师基本信息采集表,违法违章受处罚企业信息
税务局,主要负责人,自然资源局,水费收集信息(包含企业用水信息),建设项目情况信息(JKJS3),广发银行,出租屋详细信息,人口基础信息表,违法违章受处罚企业信息,高新技术企业认定信息,财政直接支付信息(JKCZ2),土地交易信息(JKGT1)
税务局,处罚结果,镇街6,出租屋详细信息,违法违章受处罚企业信息,厂企信息（网格）,广发银行,高新技术企业认定信息,建设项目情况信息(JKJS3),变更登记信息,水费收集信息(包含企业用水信息),人口基础信息表
住建水利局,组织机构代码,自然资源局,广发银行,律师基本信息采集表,违法违章受处罚企业信息,科技局,社会团体信息(JKMZ2),高新技术企业认定信息,组织机构代码变更信息,居住证业务有效表,土地交易信息(JKGT1)
纪委,姓名,企业用户基本信息,企业工法奖项信息,佛山市安置残疾人单位信息(JKCL1),涉及职业危害作业场所,农业银行,公有资产管理信息,自然资源局,幼儿园,<EOP>,流动人口表
纪委,主键,企业工法奖项信息,企业用户基本信息,自然资源局,公有资产管理信息,涉及职业危害作业场所,农业银行,流动人口表,名址库_门牌地址信息,流动人口注销信息,农业农村局
法院,统一社会信用代码,自然资源局,律师基本信息采集表,广发银行,出租屋详细信息,组织机构代码变更信息,社会团体信息(JKMZ2),高新技术企业认定信息,镇街6,违法违章受处罚企业信息,厂企信息（网格）
检察院,受理单位,自然资源局,广发银行,<EOP>,企业基本信息,土地交易信息(JKGT1),佛山市安置残疾人单位信息(JKCL1),违法违章受处罚企业信息,统战部,（市经信）广东省名牌产品,商品房预售项目信息表
人才办,备注,自然资源局,律师基本信息采集表,居住证业务有效表,流动人口注销信息,流动人口表,高企认定或拟认定名单,土地交易信息(JKGT1),组织机构代码变更信息,公有资产管理信息,出租屋详细信息
检察院,组织机构代码,自然资源局,广发银行,土地交易信息(JKGT1),科技局,<EOP>,组织机构代码变更信息,企业基本信息,违法违章受处罚企业信息,居住证业务有效表,高企认定或拟认定名单
检察院,发证时间,企业用户基本信息,外商实际投资情况,佛山市安置残疾人单位信息(JKCL1),<EOP>,农业银行,组织机构代码信息,企业工法奖项信息,工商联,幼儿园,名址库_门牌地址信息
行政服务中心,验证日期,企业工法奖项信息,企业用户基本信息,农业农村局,农业银行,外商实际投资情况,佛山市安置残疾人单位信息(JKCL1),统战部,商品房预售项目信息表,<EOP>,组织机构代码变更信息
纪委,死亡日期,企业工法奖项信息,企业用户基本信息,农业银行,佛山市安置残疾人单位信息(JKCL1),农业农村局,外商实际投资情况,公有资产管理信息,名址库_门牌地址信息,<EOP>,工商联
金融办,注册号,自然资源局,土地交易信息(JKGT1),厂企信息（网格）,广发银行,高新技术企业认定信息,道路运输经营信息采集表,单位房屋产权信息表,镇街2,社会团体信息(JKMZ2),违法违章受处罚企业信息
法院,出生日期,佛山市安置残疾人单位信息(JKCL1),企业用户基本信息,工商联,农业银行,涉及职业危害作业场所,企业工法奖项信息,幼儿园,企业基本信息,公有资产管理信息,自然资源局
法院,网络经营,自然资源局,违法违章受处罚企业信息,广发银行,科技局,组织机构代码变更信息,财政直接支付信息(JKCZ2),居住证业务有效表,镇街2,土地交易信息(JKGT1),律师基本信息采集表
纪委,评定日期,建设项目情况信息(JKJS3),组织机构代码变更信息,违法违章受处罚企业信息,农业农村局,财政直接支付信息(JKCZ2),镇街7,广发银行,镇街2,企业工法奖项信息,外商实际投资情况
广发银行,备案机关,镇街6,违法违章受处罚企业信息,变更登记信息,高新技术企业认定信息,外国人入境就业信息(JKRS6),土地交易信息(JKGT1),厂企信息（网格）,律师基本信息采集表,个人基本信息,居住证业务有效表
公安,用地面积,失信被执行人信息（法人或其他组织）,卫健局,外国人入境就业信息(JKRS6),法定代表人正式信息表,厂企信息（网格）,出租屋详细信息,内资企业设立登记公告数据,政数局,个人基本信息,残疾人管理
政数局,公民身份号码,企业用户基本信息,企业工法奖项信息,自然资源局,佛山市安置残疾人单位信息(JKCL1),<EOP>,农业银行,工商联,涉及职业危害作业场所,统战部,商品房预售项目信息表
经促局,企业名称,自然资源局,广发银行,厂企信息（网格）,土地交易信息(JKGT1),出租屋详细信息,个人基本信息,违法违章受处罚企业信息,道路运输经营信息采集表,镇街6,单位房屋产权信息表
法院,房屋用途,自然资源局,名址库_门牌地址信息,厂企信息（网格）,组织机构代码信息,高企认定或拟认定名单,镇街2,流动人口注销信息,<EOP>,违法违章受处罚企业信息,广发银行
自然资源局,操作类型,自然资源局,企业用户基本信息,厂企信息（网格）,<EOP>,高企认定或拟认定名单,广发银行,流动人口注销信息,律师基本信息采集表,涉及职业危害作业场所,企业工法奖项信息
税务局,类别,出租屋详细信息,自然资源局,失信被执行人信息（法人或其他组织）,卫健局,厂企信息（网格）,水费收集信息(包含企业用水信息),广发银行,工商开业登记信息,土地交易信息(JKGT1),高新技术企业认定信息
法院,违法事实及证据,建设项目情况信息(JKJS3),组织机构代码变更信息,组织机构代码信息,居住证业务有效表,镇街6,律师基本信息采集表,镇街2,外商实际投资情况,违法违章受处罚企业信息,镇街7
税务局,建设规模,失信被执行人信息（法人或其他组织）,卫健局,出租屋详细信息,厂企信息（网格）,镇街2,外国人入境就业信息(JKRS6),法院,法定代表人正式信息表,组织机构代码信息,自然资源局
住建水利局,法定代表人,自然资源局,建设项目情况信息(JKJS3),组织机构代码变更信息,高新技术企业认定信息,广发银行,违法违章受处罚企业信息,水费收集信息(包含企业用水信息),社会团体信息(JKMZ2),镇街7,（市经信）广东省名牌产品
税务局,企业名称,出租屋详细信息,厂企信息（网格）,自然资源局,广发银行,高新技术企业认定信息,镇街6,土地交易信息(JKGT1),道路运输经营信息采集表,个人基本信息,水费收集信息(包含企业用水信息)
行政服务中心,奖项荣誉,企业工法奖项信息,企业用户基本信息,农业农村局,自然资源局,佛山市安置残疾人单位信息(JKCL1),商品房预售项目信息表,<EOP>,统战部,财政直接支付信息(JKCZ2),外商实际投资情况
政数局,房号,名址库_门牌地址信息,高企认定或拟认定名单,农业农村局,法院,自然资源局,镇街2,土地交易信息(JKGT1),农业银行,企业工法奖项信息,组织机构代码信息
农商行,鉴定结果,企业工法奖项信息,机动车信息表,社保局,统战部,商品房预售项目信息表,危险品仓库数据表,农业农村局,单位房屋产权信息表,农业银行,内资企业设立登记公告数据
行政服务中心,变更前,自然资源局,广发银行,厂企信息（网格）,违法违章受处罚企业信息,社会团体信息(JKMZ2),出租屋详细信息,水费收集信息(包含企业用水信息),律师基本信息采集表,道路运输经营信息采集表,土地交易信息(JKGT1)
住建水利局,施工单位,自然资源局,建设项目情况信息(JKJS3),广发银行,镇街6,违法违章受处罚企业信息,卫健局,社保局,人口基础信息表,财政直接支付信息(JKCZ2),重点建设项目计划信息
自然资源局,所属地域,自然资源局,企业用户基本信息,机动车信息表,统战部,<EOP>,商品房预售项目信息表,企业工法奖项信息,土地交易信息(JKGT1),高企认定或拟认定名单,名址库_门牌地址信息
金融办,网址,土地交易信息(JKGT1),自然资源局,镇街2,工商联,公有资产管理信息,出租屋详细信息,单位房屋产权信息表,高企认定或拟认定名单,科技局,<EOP>
纪委,市,自然资源局,广发银行,建设项目情况信息(JKJS3),违法违章受处罚企业信息,科技局,财政直接支付信息(JKCZ2),组织机构代码变更信息,土地交易信息(JKGT1),水费收集信息(包含企业用水信息),农业农村局
检察院,联系电话,自然资源局,<EOP>,统战部,佛山市安置残疾人单位信息(JKCL1),企业基本信息,企业用户基本信息,商品房预售项目信息表,广发银行,土地交易信息(JKGT1),机动车信息表
住建水利局,批准日期,建设项目情况信息(JKJS3),卫健局,失信被执行人信息（法人或其他组织）,律师基本信息采集表,组织机构代码信息,镇街6,出租屋详细信息,广发银行,自然资源局,法院
纪委,房号,名址库_门牌地址信息,农业农村局,农业银行,高企认定或拟认定名单,企业工法奖项信息,法院,镇街2,组织机构代码信息,内资企业设立登记公告数据,自然资源局
镇街4,创建时间,公有资产管理信息,幼儿园,农业银行,企业工法奖项信息,企业用户基本信息,企业基本信息,自然资源局,涉及职业危害作业场所,名址库_门牌地址信息,镇街2
政数局,操作类型,自然资源局,厂企信息（网格）,涉及职业危害作业场所,流动人口注销信息,道路运输经营信息采集表,律师基本信息采集表,广发银行,镇街2,组织机构代码变更信息,企业用户基本信息
检察院,宗教信仰,企业用户基本信息,佛山市安置残疾人单位信息(JKCL1),企业工法奖项信息,<EOP>,农业银行,自然资源局,工商联,公有资产管理信息,外商实际投资情况,企业基本信息
农商行,鉴定时间,企业工法奖项信息,农业银行,机动车信息表,企业用户基本信息,农业农村局,外商实际投资情况,社保局,内资企业设立登记公告数据,佛山市安置残疾人单位信息(JKCL1),统战部
金融办,区域,土地交易信息(JKGT1),自然资源局,镇街2,出租屋详细信息,<EOP>,工商联,名址库_门牌地址信息,广发银行,组织机构代码信息,失信被执行人信息（法人或其他组织）
行政服务中心,用电量,自然资源局,镇街2,企业用户基本信息,广发银行,企业工法奖项信息,名址库_门牌地址信息,科技局,组织机构代码信息,<EOP>,违法违章受处罚企业信息
税务局,更新时间,自然资源局,厂企信息（网格）,失信被执行人信息（法人或其他组织）,镇街2,流动人口注销信息,道路运输经营信息采集表,组织机构代码变更信息,社会团体信息(JKMZ2),广发银行,出租屋详细信息
人社局,预售许可证号,外国人入境就业信息(JKRS6),卫健局,法定代表人正式信息表,社保局,内资企业设立登记公告数据,失信被执行人信息（法人或其他组织）,政数局,镇街6,残疾人管理,暂住证业务表
行政服务中心,企业名称,自然资源局,广发银行,厂企信息（网格）,违法违章受处罚企业信息,土地交易信息(JKGT1),出租屋详细信息,律师基本信息采集表,社会团体信息(JKMZ2),高新技术企业认定信息,商品房预售项目信息表
法院,婚姻状况,佛山市安置残疾人单位信息(JKCL1),企业用户基本信息,农业银行,企业工法奖项信息,工商联,外商实际投资情况,<EOP>,涉及职业危害作业场所,幼儿园,公有资产管理信息
镇街6,户籍地址,企业用户基本信息,企业工法奖项信息,佛山市安置残疾人单位信息(JKCL1),农业农村局,农业银行,涉及职业危害作业场所,自然资源局,住房公积金个人公积金年度汇缴明细信息,<EOP>,工商联
法院,实收资本,自然资源局,土地交易信息(JKGT1),组织机构代码变更信息,广发银行,科技局,居住证业务有效表,高企认定或拟认定名单,高新技术企业认定信息,律师基本信息采集表,违法违章受处罚企业信息
检察院,残疾程度,外商实际投资情况,<EOP>,组织机构代码信息,佛山市安置残疾人单位信息(JKCL1),名址库_门牌地址信息,建设项目情况信息(JKJS3),企业用户基本信息,农业银行,法院,镇街2
生态环境局,实收资本,自然资源局,厂企信息（网格）,土地交易信息(JKGT1),广发银行,组织机构代码变更信息,高新技术企业认定信息,科技局,违法违章受处罚企业信息,高企认定或拟认定名单,纳税信用等级纳税人备案信息
检察院,常住户口所在地,企业工法奖项信息,佛山市安置残疾人单位信息(JKCL1),企业用户基本信息,农业银行,外商实际投资情况,<EOP>,自然资源局,工商联,农业农村局,幼儿园
人才办,发证日期,居住证业务有效表,律师基本信息采集表,组织机构代码变更信息,自然资源局,（市经信）广东省名牌产品,违法违章受处罚企业信息,暂住证业务表,镇街6,幼儿园,流动人口注销信息
税务局,建筑面积,卫健局,失信被执行人信息（法人或其他组织）,出租屋详细信息,法定代表人正式信息表,法院,外国人入境就业信息(JKRS6),内资企业设立登记公告数据,名址库_门牌地址信息,建设项目情况信息(JKJS3),镇街2
镇街4,常住户口所在地,农业农村局,企业工法奖项信息,外商实际投资情况,农业银行,佛山市安置残疾人单位信息(JKCL1),幼儿园,财政直接支付信息(JKCZ2),名址库_门牌地址信息,违法违章受处罚企业信息,居住证业务有效表
行政服务中心,更新时间,自然资源局,企业用户基本信息,企业工法奖项信息,涉及职业危害作业场所,流动人口注销信息,律师基本信息采集表,组织机构代码变更信息,农业银行,名址库_门牌地址信息,流动人口表
法院,排量,自然资源局,企业用户基本信息,居住证业务有效表,工商联,组织机构代码信息,公有资产管理信息,涉及职业危害作业场所,<EOP>,农业银行,组织机构代码变更信息
镇街2,居住方式,企业工法奖项信息,企业用户基本信息,农业银行,名址库_门牌地址信息,佛山市安置残疾人单位信息(JKCL1),外商实际投资情况,农业农村局,<EOP>,机动车信息表,工商联
金融办,单位名称,土地交易信息(JKGT1),自然资源局,<EOP>,镇街2,工商联,组织机构代码变更信息,出租屋详细信息,统战部,居住证业务有效表,广发银行
政数局,评价结果,自然资源局,广发银行,厂企信息（网格）,违法违章受处罚企业信息,出租屋详细信息,水费收集信息(包含企业用水信息),单位房屋产权信息表,社会团体信息(JKMZ2),建设项目情况信息(JKJS3),财政直接支付信息(JKCZ2)
政数局,操作类型,自然资源局,厂企信息（网格）,涉及职业危害作业场所,流动人口注销信息,道路运输经营信息采集表,律师基本信息采集表,广发银行,镇街2,组织机构代码变更信息,企业用户基本信息
人社局,电话号码,单位房屋产权信息表,危险品仓库数据表,自然资源局,居住证业务有效表,吊销登记信息,统战部,人口基础信息表,违法违章受处罚企业信息,科技局,公有资产管理信息
政数局,施工单位,自然资源局,机动车信息表,名址库_门牌地址信息,广发银行,法院,商品房预售项目信息表,出租屋详细信息,高企认定或拟认定名单,土地交易信息(JKGT1),违法违章受处罚企业信息
法院,立案时间,自然资源局,组织机构代码信息,居住证业务有效表,企业用户基本信息,镇街2,<EOP>,名址库_门牌地址信息,高企认定或拟认定名单,吊销登记信息,企业工法奖项信息
纪委,居住方式,企业工法奖项信息,企业用户基本信息,农业银行,名址库_门牌地址信息,农业农村局,佛山市安置残疾人单位信息(JKCL1),外商实际投资情况,<EOP>,公有资产管理信息,工商联
政数局,组织机构代码,自然资源局,广发银行,科技局,组织机构代码变更信息,律师基本信息采集表,土地交易信息(JKGT1),违法违章受处罚企业信息,厂企信息（网格）,社会团体信息(JKMZ2),高新技术企业认定信息
检察院,房屋产权性质,自然资源局,<EOP>,企业用户基本信息,组织机构代码信息,名址库_门牌地址信息,高企认定或拟认定名单,工商联,镇街2,外商实际投资情况,佛山市安置残疾人单位信息(JKCL1)
人才办,法人代码,律师基本信息采集表,居住证业务有效表,自然资源局,组织机构代码变更信息,镇街6,科技局,土地交易信息(JKGT1),财政直接支付信息(JKCZ2),幼儿园,（市经信）广东省名牌产品
纪委,注册资金,自然资源局,土地交易信息(JKGT1),科技局,广发银行,高新技术企业认定信息,高企认定或拟认定名单,纳税信用等级纳税人备案信息,违法违章受处罚企业信息,厂企信息（网格）,组织机构代码变更信息
住建水利局,建设规模,卫健局,建设项目情况信息(JKJS3),失信被执行人信息（法人或其他组织）,出租屋详细信息,组织机构代码信息,自然资源局,重点建设项目计划信息,外国人入境就业信息(JKRS6),法院,广发银行
纪委,房屋面积,高企认定或拟认定名单,名址库_门牌地址信息,法院,组织机构代码信息,自然资源局,镇街2,政数局,土地交易信息(JKGT1),内资企业设立登记公告数据,建设工程规划许可证信息JKGH2
政数局,服务项目,自然资源局,机动车信息表,广发银行,名址库_门牌地址信息,违法违章受处罚企业信息,商品房预售项目信息表,土地交易信息(JKGT1),危险品仓库数据表,单位房屋产权信息表,出租屋详细信息
镇街4,公民身份号码,企业用户基本信息,企业工法奖项信息,自然资源局,佛山市安置残疾人单位信息(JKCL1),涉及职业危害作业场所,流动人口表,组织机构代码变更信息,<EOP>,农业银行,幼儿园
公安,联系电话,工商开业登记信息,统战部,单位房屋产权信息表,住房公积金个人公积金年度汇缴明细信息,水费收集信息(包含企业用水信息),危险品仓库数据表,人口基础信息表,土地交易信息(JKGT1),出租屋详细信息,佛山市安置残疾人单位信息(JKCL1)
人才办,手机,居住证业务有效表,自然资源局,公有资产管理信息,律师基本信息采集表,幼儿园,科技局,流动人口注销信息,组织机构代码变更信息,工商联,农业银行
金融办,联系电话,土地交易信息(JKGT1),自然资源局,镇街2,<EOP>,工商联,出租屋详细信息,单位房屋产权信息表,机动车信息表,科技局,统战部
税务局,名称,自然资源局,出租屋详细信息,厂企信息（网格）,单位房屋产权信息表,广发银行,危险品仓库数据表,土地交易信息(JKGT1),失信被执行人信息（法人或其他组织）,水费收集信息(包含企业用水信息),道路运输经营信息采集表
气象局,序号,自然资源局,商品房预售项目信息表,机动车信息表,统战部,企业工法奖项信息,企业用户基本信息,广发银行,<EOP>,危险品仓库数据表,土地交易信息(JKGT1)
政数局,主体业态,广发银行,自然资源局,违法违章受处罚企业信息,厂企信息（网格）,组织机构代码变更信息,出租屋详细信息,社会团体信息(JKMZ2),建设项目情况信息(JKJS3),律师基本信息采集表,水费收集信息(包含企业用水信息)
金融办,核准,土地交易信息(JKGT1),高企认定或拟认定名单,自然资源局,镇街2,外国人入境就业信息(JKRS6),名址库_门牌地址信息,科技局,个人基本信息,居住证业务有效表,出租屋详细信息
社保局,户号,企业用户基本信息,自然资源局,企业工法奖项信息,<EOP>,工商联,镇街2,佛山市安置残疾人单位信息(JKCL1),名址库_门牌地址信息,高企认定或拟认定名单,涉及职业危害作业场所
金融办,企业名称,自然资源局,土地交易信息(JKGT1),出租屋详细信息,广发银行,厂企信息（网格）,道路运输经营信息采集表,个人基本信息,高企认定或拟认定名单,镇街2,<EOP>
教育局,注销原因,违法违章受处罚企业信息,厂企信息（网格）,自然资源局,财政直接支付信息(JKCZ2),危险品仓库数据表,单位房屋产权信息表,名址库_门牌地址信息,广发银行,变更登记信息,纳税信用等级纳税人备案信息
社保局,民族,企业用户基本信息,企业工法奖项信息,自然资源局,<EOP>,佛山市安置残疾人单位信息(JKCL1),工商联,农业银行,公有资产管理信息,机动车信息表,涉及职业危害作业场所
镇街6,行业门类,自然资源局,广发银行,违法违章受处罚企业信息,高新技术企业认定信息,科技局,社会团体信息(JKMZ2),厂企信息（网格）,土地交易信息(JKGT1),教育局,律师基本信息采集表
人才办,录入人,居住证业务有效表,幼儿园,农业银行,佛山市安置残疾人单位信息(JKCL1),涉及职业危害作业场所,公有资产管理信息,国税欠税信息,农业农村局,工商联,律师基本信息采集表
纪委,性别,企业用户基本信息,企业工法奖项信息,佛山市安置残疾人单位信息(JKCL1),农业银行,公有资产管理信息,<EOP>,涉及职业危害作业场所,工商联,幼儿园,外商实际投资情况
法院,更新时间,自然资源局,组织机构代码变更信息,涉及职业危害作业场所,流动人口注销信息,镇街2,组织机构代码信息,企业用户基本信息,律师基本信息采集表,流动人口表,工商联
税务局,所属技术领域,工商开业登记信息,出租屋详细信息,卫健局,个人基本信息,土地交易信息(JKGT1),镇街6,失信被执行人信息（法人或其他组织）,自然资源局,房屋建筑工程竣工验收备案信息(JKJS6),高企认定或拟认定名单
检察院,交易类型,自然资源局,高企认定或拟认定名单,组织机构代码信息,<EOP>,镇街2,名址库_门牌地址信息,科技局,居住证业务有效表,土地交易信息(JKGT1),（市经信）广东省名牌产品
镇街7,移动电话,公有资产管理信息,企业工法奖项信息,居住证业务有效表,科技局,农业农村局,农业银行,财政直接支付信息(JKCZ2),自然资源局,吊销登记信息,幼儿园
政数局,企业名称,自然资源局,广发银行,厂企信息（网格）,出租屋详细信息,土地交易信息(JKGT1),高新技术企业认定信息,道路运输经营信息采集表,违法违章受处罚企业信息,个人基本信息,镇街6
政数局,电话,自然资源局,广发银行,机动车信息表,土地交易信息(JKGT1),单位房屋产权信息表,人口基础信息表,商品房预售项目信息表,危险品仓库数据表,科技局,出租屋详细信息
镇街6,单位地址,财政直接支付信息(JKCZ2),广发银行,违法违章受处罚企业信息,律师基本信息采集表,建设项目情况信息(JKJS3),自然资源局,水费收集信息(包含企业用水信息),组织机构代码变更信息,企业工法奖项信息,农业农村局
纪委,负责人,人口基础信息表,自然资源局,社保局,机动车信息表,违法违章受处罚企业信息,广发银行,单位房屋产权信息表,危险品仓库数据表,财政直接支付信息(JKCZ2),土地交易信息(JKGT1)
纪委,标的,自然资源局,高企认定或拟认定名单,名址库_门牌地址信息,科技局,统计局,纳税信用等级纳税人备案信息,土地交易信息(JKGT1),广发银行,企业用户基本信息,流动人口注销信息
金融办,纬度,镇街2,土地交易信息(JKGT1),自然资源局,工商联,单位房屋产权信息表,<EOP>,名址库_门牌地址信息,机动车信息表,科技局,出租屋详细信息
政数局,区域,自然资源局,广发银行,出租屋详细信息,厂企信息（网格）,名址库_门牌地址信息,违法违章受处罚企业信息,商品房预售项目信息表,卫健局,法院,土地交易信息(JKGT1)
镇街5,联系人,自然资源局,人口基础信息表,科技局,单位房屋产权信息表,高新技术企业认定信息,工商开业登记信息,土地交易信息(JKGT1),广发银行,公有资产管理信息,吊销登记信息
农商行,纳税人识别号,统战部,商品房预售项目信息表,组织机构代码变更信息,自然资源局,建设项目情况信息(JKJS3),广发银行,企业工法奖项信息,违法违章受处罚企业信息,出租屋详细信息,房屋建筑工程竣工验收备案信息(JKJS6)
税务局,区域,出租屋详细信息,厂企信息（网格）,自然资源局,失信被执行人信息（法人或其他组织）,卫健局,广发银行,水费收集信息(包含企业用水信息),违法违章受处罚企业信息,建设项目情况信息(JKJS3),高新技术企业认定信息
纪委,房产地址,名址库_门牌地址信息,镇街2,建设工程规划许可证信息JKGH2,法院,高企认定或拟认定名单,组织机构代码变更信息,企业用户基本信息,组织机构代码信息,<EOP>,农业农村局
检察院,配偶姓名,企业用户基本信息,佛山市安置残疾人单位信息(JKCL1),企业工法奖项信息,自然资源局,<EOP>,农业银行,外商实际投资情况,工商联,企业基本信息,名址库_门牌地址信息
法院,建设规模,组织机构代码信息,失信被执行人信息（法人或其他组织）,卫健局,自然资源局,镇街2,高企认定或拟认定名单,出租屋详细信息,名址库_门牌地址信息,法院,土地交易信息(JKGT1)
纪委,更新时间,自然资源局,企业用户基本信息,企业工法奖项信息,组织机构代码变更信息,流动人口表,流动人口注销信息,涉及职业危害作业场所,镇街2,名址库_门牌地址信息,组织机构代码信息
工商联,货币种类,科技局,自然资源局,居住证业务有效表,土地交易信息(JKGT1),高企认定或拟认定名单,镇街2,组织机构代码变更信息,律师基本信息采集表,名址库_门牌地址信息,建设工程规划许可证信息JKGH2
政数局,备注,自然资源局,商品房预售项目信息表,高企认定或拟认定名单,企业用户基本信息,统战部,企业工法奖项信息,法院,出租屋详细信息,<EOP>,土地交易信息(JKGT1)
人才办,单位名称,律师基本信息采集表,居住证业务有效表,组织机构代码变更信息,自然资源局,流动人口表,幼儿园,<EOP>,涉及职业危害作业场所,（市经信）广东省名牌产品,土地交易信息(JKGT1)
公安,审核日期,卫健局,社保局,法定代表人正式信息表,工商开业登记信息,建设项目情况信息(JKJS3),镇街6,国税欠税信息,内资企业设立登记公告数据,外商实际投资情况,失信被执行人信息（法人或其他组织）
